id,url,HITId,WorkerId0,WorkerId1,WorkerId2,Labels0,Labels1,Labels2,Labels_enriched0,Labels_enriched1,Labels_enriched2,Labels_enriched_majority
6886812,https://upload.wikimedia.org/wikipedia/commons/0/01/Bmw_Concept_X1.jpg,3909MD9T2Z2SV246WI3YM1KFRTREFG,A1AMGHYG5PT0L2,A1P3R8TYQAKHR8,A2PIFMM4Q2I9ZS,"{'Transportation', 'Technology & Engineering'}",{'Transportation'},"{'Transportation', 'Technology & Engineering'}","{'STEM', 'Society', 'Transportation', 'Technology & Engineering'}","{'Transportation', 'Society'}","{'STEM', 'Society', 'Transportation', 'Technology & Engineering'}","{'Transportation', 'Society', 'Technology & Engineering', 'STEM'}"
9919760,https://upload.wikimedia.org/wikipedia/commons/0/01/Monterrubio_de_la_Serena.png,388CL5C1RJ8QF4548UE22HMCG55HL4,A3TU0NGBDKSGLI,AB8XECKH1JO8P,AXY0D2AMLKE2A,{'Maps & Flags'},{'Maps & Flags'},"{'Maps & Flags', 'Politics'}","{'Places', 'Maps & Flags'}","{'Places', 'Maps & Flags'}","{'Places', 'Society', 'Maps & Flags', 'Politics'}","{'Places', 'Maps & Flags'}"
11358821,https://upload.wikimedia.org/wikipedia/commons/0/02/Callianassa_turnerana.png,388CL5C1RJ8QF4548UE22HMCG55HL4,A3TU0NGBDKSGLI,AB8XECKH1JO8P,AXY0D2AMLKE2A,"{'Fossils', 'Literature', 'Animals'}",{'Animals'},{'Animals'},"{'Fossils', 'Literature', 'Culture', 'Animals', 'STEM', 'Nature'}","{'STEM', 'Animals', 'Nature'}","{'STEM', 'Animals', 'Nature'}","{'STEM', 'Animals', 'Nature'}"
5441685,https://upload.wikimedia.org/wikipedia/commons/0/08/Lama_Gonpo_Hat.jpg,34O39PNDK6TRRPXVDM122ISDRKPRBO,A20SL254675EOK,A29GJGXFU9BQQG,A2COPP4Y0UYN0B,"{'People', 'Belief', 'History'}",{'People'},"{'People', 'Belief', 'Events'}","{'Society', 'Culture', 'Belief', 'People', 'History'}","{'Society', 'People'}","{'Events', 'Society', 'Culture', 'Belief', 'People'}","{'Belief', 'Society', 'Culture', 'People'}"
80043251,https://upload.wikimedia.org/wikipedia/commons/0/0b/2013_Liechtenstein_general_election_-_Results_by_constituency.svg,388CL5C1RJ8QF4548UE22HMCG55HL4,A3TU0NGBDKSGLI,AB8XECKH1JO8P,AXY0D2AMLKE2A,"{'Diagrams', 'Maps & Flags'}","{'Maps & Flags', 'Logos & Symbols', 'Politics'}","{'Politics', 'Diagrams', 'Maps & Flags'}","{'STEM', 'Places', 'Diagrams', 'Maps & Flags'}","{'Politics', 'Places', 'Society', 'Logos & Symbols', 'Maps & Flags'}","{'Politics', 'Places', 'Society', 'Diagrams', 'STEM', 'Maps & Flags'}","{'Politics', 'Places', 'Society', 'Diagrams', 'STEM', 'Maps & Flags'}"
11211682,https://upload.wikimedia.org/wikipedia/commons/0/0c/Tiny_house%2C_Portland.jpg,34O39PNDK6TRRPXVDM122ISDRKPRBO,A20SL254675EOK,A29GJGXFU9BQQG,A2COPP4Y0UYN0B,"{'Landscapes', 'Architecture'}",{'Architecture'},{'Architecture'},"{'Landscapes', 'Architecture', 'Places'}","{'Architecture', 'Places'}","{'Architecture', 'Places'}","{'Architecture', 'Places'}"
60207483,https://upload.wikimedia.org/wikipedia/commons/1/10/170616_Taiga_Matsuo.jpg,31J7RYECZLBFBTKQ65BHAU65ZG91LP,A28RL79ONUXTET,A2NXMRPHG86N2T,A3CH1Z6J9R38G9,"{'Sports', 'People', 'Events'}","{'People', 'Sports'}","{'People', 'Sports'}","{'Sports', 'Society', 'People', 'Events'}","{'Society', 'People', 'Sports'}","{'Society', 'People', 'Sports'}","{'Society', 'People', 'Sports'}"
22614807,https://upload.wikimedia.org/wikipedia/commons/1/10/Union_Depot_in_Kansas_City%2C_Union_Depot%2C_which_opened_in_April_1878_in_an_area_now_known_as_West_Bottoms._Following_a_flood_it_was_replaced_by_Union_Station_in_1914.jpg,31J7RYECZLBFBTKQ65BHAU65ZG91LP,A28RL79ONUXTET,A2NXMRPHG86N2T,A3CH1Z6J9R38G9,"{'Architecture', 'History'}","{'Architecture', 'History'}","{'Architecture', 'Monuments & Memorials', 'History'}","{'Architecture', 'Places', 'Culture', 'History'}","{'Architecture', 'Places', 'Culture', 'History'}","{'Places', 'Culture', 'Monuments & Memorials', 'Architecture', 'History'}","{'Architecture', 'Places', 'Culture', 'History'}"
2346335,https://upload.wikimedia.org/wikipedia/commons/1/14/Lembit_opik.jpg,388CL5C1RJ8QF4548UE22HMCG55HL4,A3TU0NGBDKSGLI,AB8XECKH1JO8P,AXY0D2AMLKE2A,{'People'},{'People'},{'People'},"{'Society', 'People'}","{'Society', 'People'}","{'Society', 'People'}","{'Society', 'People'}"
20770640,https://upload.wikimedia.org/wikipedia/commons/1/16/%22I_can_WIN%22_button.JPG,35O6H0UNLS184LX9471GX56U779J5N,A1I7H6RDJS4EKN,A2R6KLBXVM5ANW,AKQAI78JTXXC9,{'Logos & Symbols'},{'Logos & Symbols'},{'Logos & Symbols'},{'Logos & Symbols'},{'Logos & Symbols'},{'Logos & Symbols'},{'Logos & Symbols'}
7726324,https://upload.wikimedia.org/wikipedia/commons/1/17/TER_%C3%A0_Mommenheim.JPG,388CL5C1RJ8QF4548UE22HMCG55HL4,A3TU0NGBDKSGLI,AB8XECKH1JO8P,AXY0D2AMLKE2A,"{'Transportation', 'Technology & Engineering'}",{'Transportation'},{'Technology & Engineering'},"{'STEM', 'Society', 'Transportation', 'Technology & Engineering'}","{'Transportation', 'Society'}","{'STEM', 'Technology & Engineering'}","{'STEM', 'Society', 'Technology & Engineering', 'Transportation'}"
1267700,https://upload.wikimedia.org/wikipedia/commons/1/18/Castillodelmorro.jpg,3ZZAYRN1I6COQYZWLGBJ8HTUM45OT2,A11LSO6D7BMY99,A6M7YIG6KKHPA,AJPB9XHN9HI8I,"{'Landscapes', 'Places', 'Monuments & Memorials', 'Architecture', 'History'}","{'Architecture', 'Places'}","{'Sports', 'Animals', 'Monuments & Memorials', 'Chemistry', 'Logos & Symbols', 'Art'}","{'Landscapes', 'Places', 'Culture', 'Monuments & Memorials', 'Architecture', 'History'}","{'Architecture', 'Places'}","{'Sports', 'Places', 'Society', 'Culture', 'Art', 'Animals', 'Monuments & Memorials', 'Chemistry', 'Logos & Symbols', 'STEM', 'Nature'}","{'Places', 'Monuments & Memorials', 'Culture', 'Architecture'}"
62527661,https://upload.wikimedia.org/wikipedia/commons/1/1a/Colin_Campbell_Mitchell%2C_sketch_by_Stephen_Dickson.jpg,3KTCJ4SCVGMZHB2B6HCWA7LUZLZ1MR,A16NB8MZKTAJYO,A21XTK9Y0QZ8AB,A29GJGXFU9BQQG,"{'Events', 'Space', 'Monuments & Memorials', 'Logos & Symbols', 'Music'}",{'People'},"{'Art', 'People'}","{'Events', 'Places', 'Society', 'Culture', 'Space', 'Monuments & Memorials', 'Logos & Symbols', 'STEM', 'Music'}","{'Society', 'People'}","{'Art', 'Society', 'People', 'Culture'}","{'Society', 'Culture', 'People'}"
58672526,https://upload.wikimedia.org/wikipedia/commons/1/1d/Two-handled_Cup_MET_DP107241.jpg,34O39PNDK6TRRPXVDM122ISDRKPRBO,A20SL254675EOK,A29GJGXFU9BQQG,A2COPP4Y0UYN0B,set(),set(),set(),set(),set(),set(),set()
1686439,https://upload.wikimedia.org/wikipedia/commons/2/20/Lam_Tin_cityscape.jpg,35O6H0UNLS184LX9471GX56U779J5N,A1I7H6RDJS4EKN,A2R6KLBXVM5ANW,AKQAI78JTXXC9,"{'Architecture', 'Places'}",{'Places'},{'Places'},"{'Architecture', 'Places'}",{'Places'},{'Places'},{'Places'}
2721630,https://upload.wikimedia.org/wikipedia/commons/2/20/TX27_109.gif,388CL5C1RJ8QF4548UE22HMCG55HL4,A3TU0NGBDKSGLI,AB8XECKH1JO8P,AXY0D2AMLKE2A,"{'Diagrams', 'Maps & Flags'}","{'Maps & Flags', 'Politics'}","{'Politics', 'Diagrams', 'Maps & Flags'}","{'STEM', 'Places', 'Diagrams', 'Maps & Flags'}","{'Places', 'Society', 'Maps & Flags', 'Politics'}","{'Politics', 'Places', 'Society', 'Diagrams', 'STEM', 'Maps & Flags'}","{'Politics', 'Places', 'Society', 'Diagrams', 'STEM', 'Maps & Flags'}"
1104422,https://upload.wikimedia.org/wikipedia/commons/2/21/Donkey_orchid_gnangarra_01.jpg,3X7837UUADJ4NPXN9QBLPBKU32KJ63,A2E0LU8V4EUX5C,A39SK1E6IMQBD5,AQNCH42WD4ITI,"{'Landscapes', 'Plants', 'Animals'}","{'Landscapes', 'Plants'}",{'Plants'},"{'Plants', 'Landscapes', 'Places', 'Animals', 'STEM', 'Nature'}","{'Plants', 'Landscapes', 'Places', 'STEM', 'Nature'}","{'Plants', 'STEM', 'Nature'}","{'Plants', 'Landscapes', 'Places', 'STEM', 'Nature'}"
73764590,https://upload.wikimedia.org/wikipedia/commons/2/21/Pagoda_Avalokitesvara.jpg,3RIHDBQ1NEJALMNP86FH2U11GAVHM6,A15VCKELIEEPJN,A3TU0NGBDKSGLI,A9LSEP71DNP4O,"{'Places', 'Monuments & Memorials', 'Belief', 'Art', 'Architecture', 'History'}","{'Architecture', 'Monuments & Memorials', 'Places'}","{'Architecture', 'Places'}","{'Places', 'Culture', 'Monuments & Memorials', 'Belief', 'Art', 'Architecture', 'History'}","{'Architecture', 'Monuments & Memorials', 'Places'}","{'Architecture', 'Places'}","{'Places', 'Monuments & Memorials', 'Architecture'}"
71314216,https://upload.wikimedia.org/wikipedia/commons/2/21/Route_haul_map_of_Royapuram_Electric_Loco_shed.png,3RIHDBQ1NEJALMNP86FH2U11GAVHM6,A15VCKELIEEPJN,A3TU0NGBDKSGLI,A9LSEP71DNP4O,"{'Landscapes', 'Places', 'Transportation', 'Maps & Flags'}","{'Diagrams', 'Maps & Flags'}","{'Transportation', 'Maps & Flags'}","{'Landscapes', 'Places', 'Society', 'Transportation', 'Maps & Flags'}","{'STEM', 'Places', 'Diagrams', 'Maps & Flags'}","{'Transportation', 'Places', 'Society', 'Maps & Flags'}","{'Transportation', 'Places', 'Society', 'Maps & Flags'}"
6272203,https://upload.wikimedia.org/wikipedia/commons/2/23/Arthur_MacManus.jpg,35O6H0UNLS184LX9471GX56U779J5N,A1I7H6RDJS4EKN,A2R6KLBXVM5ANW,AKQAI78JTXXC9,{'People'},{'People'},"{'People', 'History'}","{'Society', 'People'}","{'Society', 'People'}","{'Society', 'People', 'Culture', 'History'}","{'Society', 'People'}"
18167440,https://upload.wikimedia.org/wikipedia/commons/2/23/Tyler_Honeycutt_UCLA_cropped.jpg,3DZKABX2ZIQ2U16I0627EZNYUB2CV9,A1400B4SP1PFKC,A2KW26KE43UBRS,A9HQ3E0F2AGVO,"{'People', 'Sports'}","{'Sports', 'People', 'Events'}",{'Sports'},"{'Society', 'People', 'Sports'}","{'Sports', 'Society', 'People', 'Events'}","{'Society', 'Sports'}","{'Society', 'People', 'Sports'}"
74975640,https://upload.wikimedia.org/wikipedia/commons/2/24/Levante2-0Lega2018.jpg,3DZKABX2ZIQ2U16I0627EZNYUB2CV9,A1400B4SP1PFKC,A2KW26KE43UBRS,A9HQ3E0F2AGVO,"{'Places', 'Sports', 'Events'}","{'Sports', 'Places', 'People', 'Events'}","{'Places', 'Sports'}","{'Sports', 'Places', 'Society', 'Events'}","{'Sports', 'Events', 'Places', 'Society', 'People'}","{'Places', 'Society', 'Sports'}","{'Places', 'Society', 'Events', 'Sports'}"
39394856,https://upload.wikimedia.org/wikipedia/commons/2/25/Paulomiklos.jpg,34O39PNDK6TRRPXVDM122ISDRKPRBO,A20SL254675EOK,A29GJGXFU9BQQG,A2COPP4Y0UYN0B,"{'Places', 'Music', 'People', 'Events'}","{'Art', 'People'}","{'Music', 'People', 'Events'}","{'Events', 'Places', 'Society', 'Culture', 'Music', 'People'}","{'Art', 'Society', 'People', 'Culture'}","{'Events', 'Society', 'Culture', 'Music', 'People'}","{'Events', 'Society', 'Culture', 'Music', 'People'}"
27047134,https://upload.wikimedia.org/wikipedia/commons/2/27/Oswestry%2C_St_Oswald%27s.jpg,3DZKABX2ZIQ2U16I0627EZNYUB2CV9,A1400B4SP1PFKC,A2KW26KE43UBRS,A9HQ3E0F2AGVO,"{'Architecture', 'Monuments & Memorials', 'History'}","{'Architecture', 'History'}","{'Architecture', 'Places'}","{'Places', 'Culture', 'Monuments & Memorials', 'Architecture', 'History'}","{'Architecture', 'Places', 'Culture', 'History'}","{'Architecture', 'Places'}","{'Places', 'Culture', 'History', 'Architecture'}"
6150843,https://upload.wikimedia.org/wikipedia/commons/2/2d/Starr_080716-9532_Cycas_circinalis.jpg,388CL5C1RJ8QF4548UE22HMCG55HL4,A3TU0NGBDKSGLI,AB8XECKH1JO8P,AXY0D2AMLKE2A,{'Plants'},{'Plants'},{'Plants'},"{'Plants', 'STEM', 'Nature'}","{'Plants', 'STEM', 'Nature'}","{'Plants', 'STEM', 'Nature'}","{'Plants', 'STEM', 'Nature'}"
29894410,https://upload.wikimedia.org/wikipedia/commons/3/37/Camelio_Nelson_Lundvall.jpg,31J7RYECZLBFBTKQ65BHAU65ZG91LP,A28RL79ONUXTET,A2NXMRPHG86N2T,A3CH1Z6J9R38G9,"{'Music', 'People'}",{'People'},"{'People', 'Events'}","{'Society', 'Music', 'Culture', 'People'}","{'Society', 'People'}","{'Society', 'People', 'Events'}","{'Society', 'People'}"
21618576,https://upload.wikimedia.org/wikipedia/commons/3/37/Flat_Bastion_Road%2C_Gibraltar_2.JPG,31J7RYECZLBFBTKQ65BHAU65ZG91LP,A28RL79ONUXTET,A2NXMRPHG86N2T,A3CH1Z6J9R38G9,"{'Landscapes', 'Architecture', 'Places'}",{'Architecture'},{'Places'},"{'Landscapes', 'Architecture', 'Places'}","{'Architecture', 'Places'}",{'Places'},"{'Places', 'Architecture'}"
53149020,https://upload.wikimedia.org/wikipedia/commons/3/37/Hercules_Read.jpg,31J7RYECZLBFBTKQ65BHAU65ZG91LP,A28RL79ONUXTET,A2NXMRPHG86N2T,A3CH1Z6J9R38G9,"{'Art', 'Monuments & Memorials'}","{'People', 'History'}",{'Art'},"{'Art', 'Monuments & Memorials', 'Places', 'Culture'}","{'Society', 'People', 'Culture', 'History'}","{'Art', 'Culture'}","{'Art', 'Culture'}"
55167239,https://upload.wikimedia.org/wikipedia/commons/3/39/Sharaku_%281794%29_Ebisu.jpg,3KTCJ4SCVGMZHB2B6HCWA7LUZLZ1MR,A16NB8MZKTAJYO,A21XTK9Y0QZ8AB,A29GJGXFU9BQQG,"{'Chemistry', 'Politics'}",{'Art'},"{'Art', 'History'}","{'STEM', 'Society', 'Chemistry', 'Politics'}","{'Art', 'Culture'}","{'Art', 'Culture', 'History'}","{'Art', 'Culture'}"
527416,https://upload.wikimedia.org/wikipedia/commons/3/3c/Gray505.png,35O6H0UNLS184LX9471GX56U779J5N,A1I7H6RDJS4EKN,A2R6KLBXVM5ANW,AKQAI78JTXXC9,"{'Medicine & Health', 'Diagrams'}",{'Medicine & Health'},{'Diagrams'},"{'STEM', 'Medicine & Health', 'Diagrams'}","{'STEM', 'Medicine & Health'}","{'STEM', 'Diagrams'}","{'STEM', 'Diagrams', 'Medicine & Health'}"
66712497,https://upload.wikimedia.org/wikipedia/commons/4/40/John_G._Cooper_1913_%28cropped%29.jpg,3909MD9T2Z2SV246WI3YM1KFRTREFG,A1AMGHYG5PT0L2,A1P3R8TYQAKHR8,A2PIFMM4Q2I9ZS,"{'People', 'History'}",{'People'},"{'People', 'History'}","{'Society', 'People', 'Culture', 'History'}","{'Society', 'People'}","{'Society', 'People', 'Culture', 'History'}","{'Society', 'Culture', 'People', 'History'}"
54060663,https://upload.wikimedia.org/wikipedia/commons/4/40/Oil_paints%2C_one_with_wax_%2830791%29.jpg,3909MD9T2Z2SV246WI3YM1KFRTREFG,A1AMGHYG5PT0L2,A1P3R8TYQAKHR8,A2PIFMM4Q2I9ZS,{'Food'},{'Food'},{'Food'},"{'Culture', 'Food'}","{'Culture', 'Food'}","{'Culture', 'Food'}","{'Culture', 'Food'}"
5115997,https://upload.wikimedia.org/wikipedia/commons/4/44/Korea-Unjusa_4516-07_Seoktap_Bulgam_Buddha.JPG,3RIHDBQ1NEJALMNP86FH2U11GAVHM6,A15VCKELIEEPJN,A3TU0NGBDKSGLI,A9LSEP71DNP4O,"{'Landscapes', 'Places', 'Monuments & Memorials', 'Belief', 'Logos & Symbols', 'Art', 'Architecture', 'History'}","{'Monuments & Memorials', 'Art', 'Architecture', 'Geology', 'History'}","{'Places', 'Monuments & Memorials', 'Belief', 'Art', 'Architecture', 'History'}","{'Landscapes', 'Places', 'Culture', 'Monuments & Memorials', 'Belief', 'Logos & Symbols', 'Art', 'Architecture', 'History'}","{'Places', 'Culture', 'Monuments & Memorials', 'Art', 'Architecture', 'Geology', 'STEM', 'History'}","{'Places', 'Culture', 'Monuments & Memorials', 'Belief', 'Art', 'Architecture', 'History'}","{'Places', 'Culture', 'Monuments & Memorials', 'Belief', 'Art', 'Architecture', 'History'}"
45617794,https://upload.wikimedia.org/wikipedia/commons/4/4d/Mushegh_Ishkhan.JPG,3ZZAYRN1I6COQYZWLGBJ8HTUM45OT2,A11LSO6D7BMY99,A6M7YIG6KKHPA,AJPB9XHN9HI8I,{'People'},{'People'},"{'Politics', 'Animals', 'Monuments & Memorials', 'Diagrams', 'Logos & Symbols', 'Art'}","{'Society', 'People'}","{'Society', 'People'}","{'Politics', 'Places', 'Society', 'Culture', 'Art', 'Animals', 'Monuments & Memorials', 'Diagrams', 'Logos & Symbols', 'STEM', 'Nature'}","{'Society', 'People'}"
7219772,https://upload.wikimedia.org/wikipedia/commons/4/4d/Operationrestorehope-emblem.jpg,34O39PNDK6TRRPXVDM122ISDRKPRBO,A20SL254675EOK,A29GJGXFU9BQQG,A2COPP4Y0UYN0B,{'Logos & Symbols'},{'Logos & Symbols'},"{'Logos & Symbols', 'Animals'}",{'Logos & Symbols'},{'Logos & Symbols'},"{'STEM', 'Logos & Symbols', 'Animals', 'Nature'}",{'Logos & Symbols'}
1911310,https://upload.wikimedia.org/wikipedia/commons/4/4d/Weeks_Falls.JPG,3ZZAYRN1I6COQYZWLGBJ8HTUM45OT2,A11LSO6D7BMY99,A6M7YIG6KKHPA,AJPB9XHN9HI8I,"{'Landscapes', 'Plants'}","{'Places', 'Geology'}",{'Medicine & Health'},"{'Plants', 'Landscapes', 'Places', 'STEM', 'Nature'}","{'STEM', 'Places', 'Geology'}","{'STEM', 'Medicine & Health'}","{'STEM', 'Places'}"
16293484,https://upload.wikimedia.org/wikipedia/commons/5/53/CityCenterDC_-_looking_west_across_Gould_lot_-_2011-08-20.JPG,3KTCJ4SCVGMZHB2B6HCWA7LUZLZ1MR,A16NB8MZKTAJYO,A21XTK9Y0QZ8AB,A29GJGXFU9BQQG,"{'Space', 'Sports'}",{'Places'},"{'Transportation', 'Architecture'}","{'STEM', 'Society', 'Space', 'Sports'}",{'Places'},"{'Transportation', 'Architecture', 'Society', 'Places'}","{'Places', 'Society'}"
11443064,https://upload.wikimedia.org/wikipedia/commons/5/53/Infante_Alfonso_Carlos_and_his_wife_Maria_das_Neves_of_Braganza.jpg,3909MD9T2Z2SV246WI3YM1KFRTREFG,A1AMGHYG5PT0L2,A1P3R8TYQAKHR8,A2PIFMM4Q2I9ZS,"{'Medicine & Health', 'People', 'Chemistry', 'History'}",{'People'},{'History'},"{'Medicine & Health', 'Society', 'Culture', 'Chemistry', 'STEM', 'People', 'History'}","{'Society', 'People'}","{'Culture', 'History'}","{'Society', 'Culture', 'People', 'History'}"
8572638,https://upload.wikimedia.org/wikipedia/commons/5/53/Parmigianino_019.jpg,31J7RYECZLBFBTKQ65BHAU65ZG91LP,A28RL79ONUXTET,A2NXMRPHG86N2T,A3CH1Z6J9R38G9,"{'Art', 'People', 'History'}","{'People', 'History'}","{'Art', 'People', 'History'}","{'Society', 'Culture', 'Art', 'People', 'History'}","{'Society', 'People', 'Culture', 'History'}","{'Society', 'Culture', 'Art', 'People', 'History'}","{'Society', 'Culture', 'Art', 'People', 'History'}"
53241081,https://upload.wikimedia.org/wikipedia/commons/5/55/Miss_Reeder%E2%80%99s_Portrait.jpg,31J7RYECZLBFBTKQ65BHAU65ZG91LP,A28RL79ONUXTET,A2NXMRPHG86N2T,A3CH1Z6J9R38G9,"{'Art', 'People', 'History'}","{'People', 'History'}","{'Art', 'People'}","{'Society', 'Culture', 'Art', 'People', 'History'}","{'Society', 'People', 'Culture', 'History'}","{'Art', 'Society', 'People', 'Culture'}","{'Society', 'Culture', 'Art', 'People', 'History'}"
40867029,https://upload.wikimedia.org/wikipedia/commons/5/5d/Lily_Pads_and_Lotus_Flowers.jpg,3KTCJ4SCVGMZHB2B6HCWA7LUZLZ1MR,A16NB8MZKTAJYO,A21XTK9Y0QZ8AB,A29GJGXFU9BQQG,"{'Literature', 'Space', 'Events'}",{'Plants'},"{'Landscapes', 'Plants'}","{'Events', 'Society', 'Literature', 'Culture', 'Space', 'STEM'}","{'Plants', 'STEM', 'Nature'}","{'Plants', 'Landscapes', 'Places', 'STEM', 'Nature'}","{'STEM', 'Plants', 'Nature'}"
16194357,https://upload.wikimedia.org/wikipedia/commons/6/60/Ricardo_Coutinho_2011.jpg,3ZZAYRN1I6COQYZWLGBJ8HTUM45OT2,A11LSO6D7BMY99,A6M7YIG6KKHPA,AJPB9XHN9HI8I,{'People'},{'People'},"{'Monuments & Memorials', 'Music', 'Chemistry', 'Sports'}","{'Society', 'People'}","{'Society', 'People'}","{'Sports', 'Places', 'Society', 'Culture', 'Monuments & Memorials', 'Chemistry', 'STEM', 'Music'}","{'Society', 'People'}"
19550450,https://upload.wikimedia.org/wikipedia/commons/6/6c/William_Wallace_Grout.jpg,3KTCJ4SCVGMZHB2B6HCWA7LUZLZ1MR,A16NB8MZKTAJYO,A21XTK9Y0QZ8AB,A29GJGXFU9BQQG,"{'Music', 'Chemistry', 'Space', 'Politics'}",{'People'},set(),"{'Politics', 'Society', 'Culture', 'Space', 'Chemistry', 'STEM', 'Music'}","{'Society', 'People'}",set(),{'Society'}
32133861,https://upload.wikimedia.org/wikipedia/commons/6/6d/Auction_Mart%2C_St_Bartholomew%27s_Lane_-_Shepherd%2C_Metropolitan_Improvements_%281828%29%2C_p203.jpg,31J7RYECZLBFBTKQ65BHAU65ZG91LP,A28RL79ONUXTET,A2NXMRPHG86N2T,A3CH1Z6J9R38G9,"{'Art', 'Architecture', 'History'}","{'Architecture', 'History'}","{'Art', 'Architecture', 'Monuments & Memorials', 'History'}","{'Places', 'Culture', 'Art', 'Architecture', 'History'}","{'Architecture', 'Places', 'Culture', 'History'}","{'Places', 'Culture', 'Monuments & Memorials', 'Art', 'Architecture', 'History'}","{'Places', 'Culture', 'Art', 'Architecture', 'History'}"
5776990,https://upload.wikimedia.org/wikipedia/commons/6/6f/Feldspar_series.jpg,3RIHDBQ1NEJALMNP86FH2U11GAVHM6,A15VCKELIEEPJN,A3TU0NGBDKSGLI,A9LSEP71DNP4O,"{'Diagrams', 'Technology & Engineering', 'Chemistry', 'Mathematics'}",{'Diagrams'},"{'Mathematics', 'Diagrams'}","{'Mathematics', 'Technology & Engineering', 'Diagrams', 'Chemistry', 'STEM'}","{'STEM', 'Diagrams'}","{'STEM', 'Diagrams', 'Mathematics'}","{'STEM', 'Diagrams', 'Mathematics'}"
2550662,https://upload.wikimedia.org/wikipedia/commons/7/72/Victoria_and_Kensington_Palace.jpg,3DZKABX2ZIQ2U16I0627EZNYUB2CV9,A1400B4SP1PFKC,A2KW26KE43UBRS,A9HQ3E0F2AGVO,"{'Architecture', 'Places'}","{'Monuments & Memorials', 'History'}","{'Architecture', 'Monuments & Memorials'}","{'Architecture', 'Places'}","{'Monuments & Memorials', 'Places', 'Culture', 'History'}","{'Architecture', 'Monuments & Memorials', 'Places'}","{'Places', 'Monuments & Memorials', 'Architecture'}"
39182433,https://upload.wikimedia.org/wikipedia/commons/7/79/Painted_Honor_Guards.jpg,3RIHDBQ1NEJALMNP86FH2U11GAVHM6,A15VCKELIEEPJN,A3TU0NGBDKSGLI,A9LSEP71DNP4O,"{'Events', 'Literature', 'Monuments & Memorials', 'Belief', 'Art', 'People', 'History'}","{'Monuments & Memorials', 'Belief', 'Art', 'Architecture', 'History'}","{'Art', 'History'}","{'Events', 'Places', 'Society', 'Culture', 'Literature', 'Monuments & Memorials', 'Belief', 'Art', 'People', 'History'}","{'Places', 'Culture', 'Monuments & Memorials', 'Belief', 'Art', 'Architecture', 'History'}","{'Art', 'Culture', 'History'}","{'Places', 'Culture', 'Monuments & Memorials', 'Belief', 'Art', 'History'}"
41751965,https://upload.wikimedia.org/wikipedia/commons/8/83/Attack_Squadron_165_%28US_Navy%29_insignia_c1989.png,3X7837UUADJ4NPXN9QBLPBKU32KJ63,A2E0LU8V4EUX5C,A39SK1E6IMQBD5,AQNCH42WD4ITI,{'Logos & Symbols'},"{'Art', 'Logos & Symbols', 'History'}",{'Logos & Symbols'},{'Logos & Symbols'},"{'Art', 'Culture', 'Logos & Symbols', 'History'}",{'Logos & Symbols'},{'Logos & Symbols'}
10672643,https://upload.wikimedia.org/wikipedia/commons/8/87/AzovSeaCities.png,3DZKABX2ZIQ2U16I0627EZNYUB2CV9,A1400B4SP1PFKC,A2KW26KE43UBRS,A9HQ3E0F2AGVO,{'Maps & Flags'},{'Maps & Flags'},{'Maps & Flags'},"{'Places', 'Maps & Flags'}","{'Places', 'Maps & Flags'}","{'Places', 'Maps & Flags'}","{'Places', 'Maps & Flags'}"
3911839,https://upload.wikimedia.org/wikipedia/commons/8/88/POL_COA_Trzywdar.svg,3X7837UUADJ4NPXN9QBLPBKU32KJ63,A2E0LU8V4EUX5C,A39SK1E6IMQBD5,AQNCH42WD4ITI,{'Logos & Symbols'},"{'Art', 'Logos & Symbols'}",{'Logos & Symbols'},{'Logos & Symbols'},"{'Art', 'Culture', 'Logos & Symbols'}",{'Logos & Symbols'},{'Logos & Symbols'}
11761562,https://upload.wikimedia.org/wikipedia/commons/8/89/Morpeth_Chantry.jpg,3RIHDBQ1NEJALMNP86FH2U11GAVHM6,A15VCKELIEEPJN,A3TU0NGBDKSGLI,A9LSEP71DNP4O,"{'Landscapes', 'Monuments & Memorials', 'Belief', 'Art', 'Architecture', 'History'}","{'Places', 'Monuments & Memorials', 'Belief', 'Architecture', 'History'}","{'Architecture', 'Monuments & Memorials'}","{'Landscapes', 'Places', 'Culture', 'Monuments & Memorials', 'Belief', 'Art', 'Architecture', 'History'}","{'Places', 'Culture', 'Monuments & Memorials', 'Belief', 'Architecture', 'History'}","{'Architecture', 'Monuments & Memorials', 'Places'}","{'Places', 'Culture', 'Monuments & Memorials', 'Belief', 'Architecture', 'History'}"
20737533,https://upload.wikimedia.org/wikipedia/commons/8/8d/Museo_archeologico_milano_1.JPG,34O39PNDK6TRRPXVDM122ISDRKPRBO,A20SL254675EOK,A29GJGXFU9BQQG,A2COPP4Y0UYN0B,"{'Art', 'Monuments & Memorials', 'Places', 'History'}","{'Art', 'Monuments & Memorials'}",{'Art'},"{'Places', 'Culture', 'Monuments & Memorials', 'Art', 'History'}","{'Art', 'Monuments & Memorials', 'Places', 'Culture'}","{'Art', 'Culture'}","{'Art', 'Places', 'Monuments & Memorials', 'Culture'}"
11691316,https://upload.wikimedia.org/wikipedia/commons/8/8f/Canford_Magna_-_parish_church_-_geograph.org.uk_-_458345.jpg,3ZZAYRN1I6COQYZWLGBJ8HTUM45OT2,A11LSO6D7BMY99,A6M7YIG6KKHPA,AJPB9XHN9HI8I,"{'Architecture', 'Monuments & Memorials', 'Places'}","{'Architecture', 'Places', 'Belief'}","{'Mathematics', 'Sports', 'Animals', 'Monuments & Memorials', 'Logos & Symbols', 'Music'}","{'Architecture', 'Monuments & Memorials', 'Places'}","{'Architecture', 'Places', 'Belief', 'Culture'}","{'Mathematics', 'Sports', 'Places', 'Society', 'Culture', 'Animals', 'Monuments & Memorials', 'Logos & Symbols', 'STEM', 'Music', 'Nature'}","{'Places', 'Monuments & Memorials', 'Culture', 'Architecture'}"
70687032,https://upload.wikimedia.org/wikipedia/commons/8/8f/Didcot_NorthbourneCentre_ESE.jpg,3909MD9T2Z2SV246WI3YM1KFRTREFG,A1AMGHYG5PT0L2,A1P3R8TYQAKHR8,A2PIFMM4Q2I9ZS,"{'Architecture', 'Places'}",{'Places'},"{'Architecture', 'Places'}","{'Architecture', 'Places'}",{'Places'},"{'Architecture', 'Places'}","{'Places', 'Architecture'}"
20365596,https://upload.wikimedia.org/wikipedia/commons/8/8f/Piabucina_Erythrinoides.jpg,3DZKABX2ZIQ2U16I0627EZNYUB2CV9,A1400B4SP1PFKC,A2KW26KE43UBRS,A9HQ3E0F2AGVO,"{'Plants', 'Animals'}",{'Animals'},{'Animals'},"{'STEM', 'Plants', 'Animals', 'Nature'}","{'STEM', 'Animals', 'Nature'}","{'STEM', 'Animals', 'Nature'}","{'STEM', 'Animals', 'Nature'}"
9994853,https://upload.wikimedia.org/wikipedia/commons/9/94/Cr3C2structure.jpg,35O6H0UNLS184LX9471GX56U779J5N,A1I7H6RDJS4EKN,A2R6KLBXVM5ANW,AKQAI78JTXXC9,{'Diagrams'},{'Chemistry'},{'Diagrams'},"{'STEM', 'Diagrams'}","{'STEM', 'Chemistry'}","{'STEM', 'Diagrams'}","{'STEM', 'Diagrams'}"
35014871,https://upload.wikimedia.org/wikipedia/commons/9/95/NVMap-doton-PequopMtns.png,34O39PNDK6TRRPXVDM122ISDRKPRBO,A20SL254675EOK,A29GJGXFU9BQQG,A2COPP4Y0UYN0B,"{'Places', 'Geology'}",{'Maps & Flags'},{'Maps & Flags'},"{'STEM', 'Places', 'Geology'}","{'Places', 'Maps & Flags'}","{'Places', 'Maps & Flags'}","{'Places', 'Maps & Flags'}"
28589508,https://upload.wikimedia.org/wikipedia/commons/9/96/Margarites_kophameli_001.jpg,34O39PNDK6TRRPXVDM122ISDRKPRBO,A20SL254675EOK,A29GJGXFU9BQQG,A2COPP4Y0UYN0B,"{'Fossils', 'Geology'}",set(),set(),"{'STEM', 'Fossils', 'Geology', 'Nature'}",set(),set(),set()
23968354,https://upload.wikimedia.org/wikipedia/commons/9/97/Lloyd_Bryce.jpg,3KTCJ4SCVGMZHB2B6HCWA7LUZLZ1MR,A16NB8MZKTAJYO,A21XTK9Y0QZ8AB,A29GJGXFU9BQQG,"{'Music', 'Maps & Flags', 'Space', 'Events'}",{'People'},"{'People', 'History'}","{'Events', 'Places', 'Society', 'Culture', 'Space', 'STEM', 'Music', 'Maps & Flags'}","{'Society', 'People'}","{'Society', 'People', 'Culture', 'History'}","{'Society', 'Culture', 'People'}"
58923049,https://upload.wikimedia.org/wikipedia/commons/9/99/Aki-Kameyama_Station_20170503-2.jpg,35O6H0UNLS184LX9471GX56U779J5N,A1I7H6RDJS4EKN,A2R6KLBXVM5ANW,AKQAI78JTXXC9,"{'Transportation', 'Places', 'Technology & Engineering'}",{'Transportation'},{'Transportation'},"{'Technology & Engineering', 'Places', 'Society', 'Transportation', 'STEM'}","{'Transportation', 'Society'}","{'Transportation', 'Society'}","{'Transportation', 'Society'}"
27096407,https://upload.wikimedia.org/wikipedia/commons/a/a0/Glannes-51_Mairie.JPG,3DZKABX2ZIQ2U16I0627EZNYUB2CV9,A1400B4SP1PFKC,A2KW26KE43UBRS,A9HQ3E0F2AGVO,"{'Architecture', 'Places'}","{'Architecture', 'Places'}","{'Architecture', 'Places'}","{'Architecture', 'Places'}","{'Architecture', 'Places'}","{'Architecture', 'Places'}","{'Architecture', 'Places'}"
67426945,https://upload.wikimedia.org/wikipedia/commons/a/a0/Potomac_Boat_Club_LCCN2016840734.jpg,35O6H0UNLS184LX9471GX56U779J5N,A1I7H6RDJS4EKN,A2R6KLBXVM5ANW,AKQAI78JTXXC9,"{'Architecture', 'Events'}",{'Places'},"{'Places', 'History'}","{'Events', 'Places', 'Society', 'Architecture'}",{'Places'},"{'Places', 'Culture', 'History'}",{'Places'}
81766676,https://upload.wikimedia.org/wikipedia/commons/a/a2/LA_3_Azad_Kashmir_Assembly_map.png,388CL5C1RJ8QF4548UE22HMCG55HL4,A3TU0NGBDKSGLI,AB8XECKH1JO8P,AXY0D2AMLKE2A,{'Maps & Flags'},{'Maps & Flags'},"{'Maps & Flags', 'Politics'}","{'Places', 'Maps & Flags'}","{'Places', 'Maps & Flags'}","{'Places', 'Society', 'Maps & Flags', 'Politics'}","{'Places', 'Maps & Flags'}"
24987761,https://upload.wikimedia.org/wikipedia/commons/a/a9/Jack_Daniel_statue.JPG,3RIHDBQ1NEJALMNP86FH2U11GAVHM6,A15VCKELIEEPJN,A3TU0NGBDKSGLI,A9LSEP71DNP4O,"{'Politics', 'Events', 'Places', 'Literature', 'Monuments & Memorials', 'Belief', 'Art', 'Architecture', 'People', 'History'}","{'Art', 'Monuments & Memorials', 'History'}","{'Monuments & Memorials', 'History'}","{'Politics', 'Events', 'Places', 'Society', 'Culture', 'Literature', 'Monuments & Memorials', 'Belief', 'Art', 'Architecture', 'People', 'History'}","{'Places', 'Culture', 'Monuments & Memorials', 'Art', 'History'}","{'Monuments & Memorials', 'Places', 'Culture', 'History'}","{'Places', 'Culture', 'Monuments & Memorials', 'Art', 'History'}"
59988272,https://upload.wikimedia.org/wikipedia/commons/a/ac/1983_FBW_91GTS_of_RATBv_ex-Neuchatel.jpg,3ZZAYRN1I6COQYZWLGBJ8HTUM45OT2,A11LSO6D7BMY99,A6M7YIG6KKHPA,AJPB9XHN9HI8I,"{'Transportation', 'Places', 'Technology & Engineering'}","{'Transportation', 'Places'}","{'Politics', 'Landscapes', 'Animals', 'Chemistry', 'Logos & Symbols', 'Art'}","{'Technology & Engineering', 'Places', 'Society', 'Transportation', 'STEM'}","{'Transportation', 'Places', 'Society'}","{'Politics', 'Landscapes', 'Places', 'Society', 'Culture', 'Art', 'Animals', 'Chemistry', 'Logos & Symbols', 'STEM', 'Nature'}","{'Transportation', 'Places', 'Society', 'STEM'}"
51174554,https://upload.wikimedia.org/wikipedia/commons/a/ae/The_apron_area_of_Diyarbak%C4%B1r_Airport.jpg,35O6H0UNLS184LX9471GX56U779J5N,A1I7H6RDJS4EKN,A2R6KLBXVM5ANW,AKQAI78JTXXC9,"{'Transportation', 'Places'}",{'Transportation'},"{'Transportation', 'Places'}","{'Transportation', 'Places', 'Society'}","{'Transportation', 'Society'}","{'Transportation', 'Places', 'Society'}","{'Transportation', 'Places', 'Society'}"
5237814,https://upload.wikimedia.org/wikipedia/commons/a/af/Mary_Pickford-Hartsook.jpg,388CL5C1RJ8QF4548UE22HMCG55HL4,A3TU0NGBDKSGLI,AB8XECKH1JO8P,AXY0D2AMLKE2A,"{'Art', 'People', 'Literature', 'History'}","{'Plants', 'People', 'History'}",{'People'},"{'Society', 'Culture', 'Literature', 'Art', 'People', 'History'}","{'Plants', 'Society', 'Culture', 'STEM', 'People', 'History', 'Nature'}","{'Society', 'People'}","{'Society', 'Culture', 'People', 'History'}"
88670357,https://upload.wikimedia.org/wikipedia/commons/b/b1/OvergrownPath_1150H.jpg,3RIHDBQ1NEJALMNP86FH2U11GAVHM6,A15VCKELIEEPJN,A3TU0NGBDKSGLI,A9LSEP71DNP4O,"{'Plants', 'Landscapes', 'Animals', 'Transportation', 'History'}","{'Landscapes', 'Plants'}","{'Landscapes', 'Plants'}","{'Plants', 'Landscapes', 'Places', 'Society', 'Culture', 'Animals', 'Transportation', 'STEM', 'History', 'Nature'}","{'Plants', 'Landscapes', 'Places', 'STEM', 'Nature'}","{'Plants', 'Landscapes', 'Places', 'STEM', 'Nature'}","{'Plants', 'Landscapes', 'Places', 'STEM', 'Nature'}"
519213,https://upload.wikimedia.org/wikipedia/commons/b/b6/GD-FR-Paris-Mosqu%C3%A9e016.JPG,34O39PNDK6TRRPXVDM122ISDRKPRBO,A20SL254675EOK,A29GJGXFU9BQQG,A2COPP4Y0UYN0B,"{'Architecture', 'Monuments & Memorials', 'Places', 'History'}",{'Architecture'},"{'Art', 'Architecture', 'Monuments & Memorials'}","{'Places', 'Culture', 'Monuments & Memorials', 'Architecture', 'History'}","{'Architecture', 'Places'}","{'Places', 'Culture', 'Monuments & Memorials', 'Art', 'Architecture'}","{'Places', 'Monuments & Memorials', 'Culture', 'Architecture'}"
21849735,https://upload.wikimedia.org/wikipedia/commons/b/b8/Andries_Daniels_and_Frans_Francken_the_Younger_-_Vase_with_Tulips_-_Google_Art_Project.jpg,3ZZAYRN1I6COQYZWLGBJ8HTUM45OT2,A11LSO6D7BMY99,A6M7YIG6KKHPA,AJPB9XHN9HI8I,{'Plants'},"{'Art', 'Plants'}","{'Plants', 'Sports', 'Monuments & Memorials', 'Diagrams', 'Logos & Symbols', 'Music'}","{'Plants', 'STEM', 'Nature'}","{'Plants', 'Culture', 'Art', 'STEM', 'Nature'}","{'Plants', 'Sports', 'Places', 'Society', 'Culture', 'Monuments & Memorials', 'Diagrams', 'Logos & Symbols', 'STEM', 'Music', 'Nature'}","{'Plants', 'Culture', 'STEM', 'Nature'}"
13175511,https://upload.wikimedia.org/wikipedia/commons/b/b9/Heasandford_House_-_geograph.org.uk_-_639117.jpg,3909MD9T2Z2SV246WI3YM1KFRTREFG,A1AMGHYG5PT0L2,A1P3R8TYQAKHR8,A2PIFMM4Q2I9ZS,"{'Landscapes', 'Places'}",{'Places'},{'Plants'},"{'Landscapes', 'Places'}",{'Places'},"{'Plants', 'STEM', 'Nature'}",{'Places'}
6114109,https://upload.wikimedia.org/wikipedia/commons/b/bb/Starr_031002-0027_Eucalyptus_globulus.jpg,3X7837UUADJ4NPXN9QBLPBKU32KJ63,A2E0LU8V4EUX5C,A39SK1E6IMQBD5,AQNCH42WD4ITI,"{'Landscapes', 'Plants'}",{'Landscapes'},"{'Plants', 'Geology'}","{'Plants', 'Landscapes', 'Places', 'STEM', 'Nature'}","{'Landscapes', 'Places'}","{'STEM', 'Geology', 'Plants', 'Nature'}","{'Plants', 'Landscapes', 'Places', 'STEM', 'Nature'}"
27800272,https://upload.wikimedia.org/wikipedia/commons/c/c2/Ardeuil-et-Montfauxelles-FR-08-monument_aux_morts-03.JPG,3909MD9T2Z2SV246WI3YM1KFRTREFG,A1AMGHYG5PT0L2,A1P3R8TYQAKHR8,A2PIFMM4Q2I9ZS,"{'Monuments & Memorials', 'Belief', 'History'}",{'Monuments & Memorials'},"{'Architecture', 'Monuments & Memorials'}","{'Places', 'Culture', 'Monuments & Memorials', 'Belief', 'History'}","{'Monuments & Memorials', 'Places'}","{'Architecture', 'Monuments & Memorials', 'Places'}","{'Places', 'Monuments & Memorials'}"
42802802,https://upload.wikimedia.org/wikipedia/commons/c/c5/Srbac_crkva_bogorodicnog_pokrova_nkd_578.JPG,3RIHDBQ1NEJALMNP86FH2U11GAVHM6,A15VCKELIEEPJN,A3TU0NGBDKSGLI,A9LSEP71DNP4O,"{'Landscapes', 'Places', 'Monuments & Memorials', 'Belief', 'Art', 'Architecture', 'History'}","{'Architecture', 'Monuments & Memorials', 'Places', 'History'}","{'Landscapes', 'Architecture', 'People', 'Places'}","{'Landscapes', 'Places', 'Culture', 'Monuments & Memorials', 'Belief', 'Art', 'Architecture', 'History'}","{'Places', 'Culture', 'Monuments & Memorials', 'Architecture', 'History'}","{'Landscapes', 'Places', 'Society', 'Architecture', 'People'}","{'Landscapes', 'Places', 'Culture', 'Monuments & Memorials', 'Architecture', 'History'}"
76721841,https://upload.wikimedia.org/wikipedia/commons/c/c6/%D0%91%D0%B5%D0%BA%D0%BB%D0%B5%D0%BC%D0%B8%D1%88%D0%B5%D0%B2_-_%D0%91%D0%B5%D0%B3%D0%BB%D1%8B%D0%B9_%D1%80%D0%B0%D0%B1_%281891%29.png,3DZKABX2ZIQ2U16I0627EZNYUB2CV9,A1400B4SP1PFKC,A2KW26KE43UBRS,A9HQ3E0F2AGVO,"{'Art', 'History'}",set(),{'Art'},"{'Art', 'Culture', 'History'}",set(),"{'Art', 'Culture'}","{'Art', 'Culture'}"
36414513,https://upload.wikimedia.org/wikipedia/commons/c/c8/BISHOP_staffieri_emeritus_la_spezia_2014.jpg,3909MD9T2Z2SV246WI3YM1KFRTREFG,A1AMGHYG5PT0L2,A1P3R8TYQAKHR8,A2PIFMM4Q2I9ZS,"{'People', 'Belief'}",{'People'},"{'People', 'Belief'}","{'Society', 'People', 'Belief', 'Culture'}","{'Society', 'People'}","{'Society', 'People', 'Belief', 'Culture'}","{'Culture', 'Society', 'Belief', 'People'}"
11729855,https://upload.wikimedia.org/wikipedia/commons/c/c9/Xu_Chu_and_Ma_Chao.JPG,3DZKABX2ZIQ2U16I0627EZNYUB2CV9,A1400B4SP1PFKC,A2KW26KE43UBRS,A9HQ3E0F2AGVO,"{'Art', 'Diagrams', 'Logos & Symbols', 'History'}",{'Art'},{'Art'},"{'Culture', 'Diagrams', 'Logos & Symbols', 'Art', 'STEM', 'History'}","{'Art', 'Culture'}","{'Art', 'Culture'}","{'Art', 'Culture'}"
56789768,https://upload.wikimedia.org/wikipedia/commons/c/ca/30a_Divisione_Fanteria_Sabauda.png,31J7RYECZLBFBTKQ65BHAU65ZG91LP,A28RL79ONUXTET,A2NXMRPHG86N2T,A3CH1Z6J9R38G9,{'Logos & Symbols'},{'Logos & Symbols'},{'Logos & Symbols'},{'Logos & Symbols'},{'Logos & Symbols'},{'Logos & Symbols'},{'Logos & Symbols'}
6309026,https://upload.wikimedia.org/wikipedia/commons/c/ca/Warrain_Beach.jpg,3X7837UUADJ4NPXN9QBLPBKU32KJ63,A2E0LU8V4EUX5C,A39SK1E6IMQBD5,AQNCH42WD4ITI,"{'Landscapes', 'Places', 'Plants'}",{'Landscapes'},{'Landscapes'},"{'Plants', 'Landscapes', 'Places', 'STEM', 'Nature'}","{'Landscapes', 'Places'}","{'Landscapes', 'Places'}","{'Landscapes', 'Places'}"
19221065,https://upload.wikimedia.org/wikipedia/commons/c/cd/33-Noctuidae-Catocalinae-Tolna_sypnoides_%28Butler%29027.jpg,3X7837UUADJ4NPXN9QBLPBKU32KJ63,A2E0LU8V4EUX5C,A39SK1E6IMQBD5,AQNCH42WD4ITI,{'Animals'},{'Animals'},{'Animals'},"{'STEM', 'Animals', 'Nature'}","{'STEM', 'Animals', 'Nature'}","{'STEM', 'Animals', 'Nature'}","{'STEM', 'Animals', 'Nature'}"
7082525,https://upload.wikimedia.org/wikipedia/commons/d/d0/George_Bryson%2C_Jr.png,3ZZAYRN1I6COQYZWLGBJ8HTUM45OT2,A11LSO6D7BMY99,A6M7YIG6KKHPA,AJPB9XHN9HI8I,"{'People', 'History'}","{'People', 'History'}",{'Mathematics'},"{'Society', 'People', 'Culture', 'History'}","{'Society', 'People', 'Culture', 'History'}","{'Mathematics', 'STEM'}","{'Society', 'Culture', 'People', 'History'}"
7014487,https://upload.wikimedia.org/wikipedia/commons/d/d1/Ruins_of_Cyrene.jpg,3909MD9T2Z2SV246WI3YM1KFRTREFG,A1AMGHYG5PT0L2,A1P3R8TYQAKHR8,A2PIFMM4Q2I9ZS,"{'Landscapes', 'Architecture', 'Places'}",{'Landscapes'},"{'Landscapes', 'Architecture', 'Geology', 'Places'}","{'Landscapes', 'Architecture', 'Places'}","{'Landscapes', 'Places'}","{'Landscapes', 'Places', 'STEM', 'Architecture', 'Geology'}","{'Landscapes', 'Places', 'Architecture'}"
5480874,https://upload.wikimedia.org/wikipedia/commons/d/d2/Bundesarchiv_Bild_102-13115%2C_Cesare_de_Orsenigo.jpg,3RIHDBQ1NEJALMNP86FH2U11GAVHM6,A15VCKELIEEPJN,A3TU0NGBDKSGLI,A9LSEP71DNP4O,"{'Literature', 'Monuments & Memorials', 'Belief', 'Logos & Symbols', 'People', 'History'}","{'Events', 'Belief', 'Art', 'People', 'History'}","{'People', 'Belief', 'Events'}","{'Places', 'Society', 'Culture', 'Literature', 'Monuments & Memorials', 'Belief', 'Logos & Symbols', 'People', 'History'}","{'Events', 'Society', 'Culture', 'Belief', 'Art', 'People', 'History'}","{'Events', 'Society', 'Culture', 'Belief', 'People'}","{'Events', 'Society', 'Culture', 'Belief', 'People', 'History'}"
105916,https://upload.wikimedia.org/wikipedia/commons/d/d2/Rocroi.JPG,3X7837UUADJ4NPXN9QBLPBKU32KJ63,A2E0LU8V4EUX5C,A39SK1E6IMQBD5,AQNCH42WD4ITI,"{'Landscapes', 'Architecture'}",{'Architecture'},"{'Landscapes', 'Places'}","{'Landscapes', 'Architecture', 'Places'}","{'Architecture', 'Places'}","{'Landscapes', 'Places'}","{'Landscapes', 'Places', 'Architecture'}"
21038556,https://upload.wikimedia.org/wikipedia/commons/d/d4/Blason_imaginaire_Palamede.svg,31J7RYECZLBFBTKQ65BHAU65ZG91LP,A28RL79ONUXTET,A2NXMRPHG86N2T,A3CH1Z6J9R38G9,{'Logos & Symbols'},{'Logos & Symbols'},{'Logos & Symbols'},{'Logos & Symbols'},{'Logos & Symbols'},{'Logos & Symbols'},{'Logos & Symbols'}
8315603,https://upload.wikimedia.org/wikipedia/commons/d/d4/Sr2_3206_Helsinki.jpg,3ZZAYRN1I6COQYZWLGBJ8HTUM45OT2,A11LSO6D7BMY99,A6M7YIG6KKHPA,AJPB9XHN9HI8I,"{'Transportation', 'Technology & Engineering', 'Logos & Symbols'}","{'Transportation', 'Places', 'Technology & Engineering', 'Logos & Symbols'}","{'Plants', 'Politics', 'Literature', 'Monuments & Memorials', 'Chemistry', 'Logos & Symbols'}","{'Technology & Engineering', 'Society', 'Transportation', 'Logos & Symbols', 'STEM'}","{'Technology & Engineering', 'Places', 'Society', 'Transportation', 'Logos & Symbols', 'STEM'}","{'Plants', 'Politics', 'Places', 'Society', 'Culture', 'Literature', 'Monuments & Memorials', 'Chemistry', 'Logos & Symbols', 'STEM', 'Nature'}","{'Technology & Engineering', 'Places', 'Society', 'Transportation', 'Logos & Symbols', 'STEM'}"
49043454,https://upload.wikimedia.org/wikipedia/commons/d/d5/Children%27s_University_Hospital_in_Damascus.jpg,3ZZAYRN1I6COQYZWLGBJ8HTUM45OT2,A11LSO6D7BMY99,A6M7YIG6KKHPA,AJPB9XHN9HI8I,"{'Technology & Engineering', 'Landscapes', 'Places', 'Monuments & Memorials', 'Architecture'}","{'Art', 'Architecture', 'Monuments & Memorials', 'Places'}","{'Sports', 'Animals', 'Monuments & Memorials', 'Chemistry', 'Art'}","{'Technology & Engineering', 'Landscapes', 'Places', 'Monuments & Memorials', 'STEM', 'Architecture'}","{'Places', 'Culture', 'Monuments & Memorials', 'Art', 'Architecture'}","{'Sports', 'Places', 'Society', 'Culture', 'Art', 'Animals', 'Monuments & Memorials', 'Chemistry', 'STEM', 'Nature'}","{'Places', 'Culture', 'Art', 'Monuments & Memorials', 'STEM', 'Architecture'}"
57663192,https://upload.wikimedia.org/wikipedia/commons/d/d5/Paul_Rosenthal_%28Colorado_politician%29.JPG,35O6H0UNLS184LX9471GX56U779J5N,A1I7H6RDJS4EKN,A2R6KLBXVM5ANW,AKQAI78JTXXC9,"{'People', 'Politics'}",{'People'},{'People'},"{'Society', 'People', 'Politics'}","{'Society', 'People'}","{'Society', 'People'}","{'Society', 'People'}"
18556976,https://upload.wikimedia.org/wikipedia/commons/d/da/Huo_Siyan_%28Berlinale_2012%29.jpg,3KTCJ4SCVGMZHB2B6HCWA7LUZLZ1MR,A16NB8MZKTAJYO,A21XTK9Y0QZ8AB,A29GJGXFU9BQQG,"{'Geology', 'Literature', 'Events'}",{'People'},{'People'},"{'Events', 'Society', 'Literature', 'Culture', 'STEM', 'Geology'}","{'Society', 'People'}","{'Society', 'People'}","{'Society', 'People'}"
5944459,https://upload.wikimedia.org/wikipedia/commons/d/da/HyundaiPony1400GLS.jpg,388CL5C1RJ8QF4548UE22HMCG55HL4,A3TU0NGBDKSGLI,AB8XECKH1JO8P,AXY0D2AMLKE2A,"{'Transportation', 'Technology & Engineering'}","{'Transportation', 'Technology & Engineering'}",{'Technology & Engineering'},"{'STEM', 'Society', 'Transportation', 'Technology & Engineering'}","{'STEM', 'Society', 'Transportation', 'Technology & Engineering'}","{'STEM', 'Technology & Engineering'}","{'STEM', 'Society', 'Technology & Engineering', 'Transportation'}"
77106120,https://upload.wikimedia.org/wikipedia/commons/e/e1/Afyon_Ulu_Camii_1843.jpg,34O39PNDK6TRRPXVDM122ISDRKPRBO,A20SL254675EOK,A29GJGXFU9BQQG,A2COPP4Y0UYN0B,{'Architecture'},{'Architecture'},"{'Art', 'Architecture', 'Monuments & Memorials'}","{'Architecture', 'Places'}","{'Architecture', 'Places'}","{'Places', 'Culture', 'Monuments & Memorials', 'Art', 'Architecture'}","{'Architecture', 'Places'}"
83682452,https://upload.wikimedia.org/wikipedia/commons/e/e7/Judge_Samuel_H._Sedgwick.jpg,3X7837UUADJ4NPXN9QBLPBKU32KJ63,A2E0LU8V4EUX5C,A39SK1E6IMQBD5,AQNCH42WD4ITI,{'People'},{'People'},"{'People', 'History'}","{'Society', 'People'}","{'Society', 'People'}","{'Society', 'People', 'Culture', 'History'}","{'Society', 'People'}"
73243143,https://upload.wikimedia.org/wikipedia/commons/e/e7/Shah_jahan_mosque_-Thatta_1_%28asad_aman%29.jpg,35O6H0UNLS184LX9471GX56U779J5N,A1I7H6RDJS4EKN,A2R6KLBXVM5ANW,AKQAI78JTXXC9,"{'Art', 'Architecture', 'Monuments & Memorials', 'Belief'}",{'Architecture'},"{'Architecture', 'Belief'}","{'Places', 'Culture', 'Monuments & Memorials', 'Belief', 'Art', 'Architecture'}","{'Architecture', 'Places'}","{'Architecture', 'Places', 'Belief', 'Culture'}","{'Places', 'Belief', 'Culture', 'Architecture'}"
37547560,https://upload.wikimedia.org/wikipedia/commons/f/f1/Kilvrough_Manor.jpg,3909MD9T2Z2SV246WI3YM1KFRTREFG,A1AMGHYG5PT0L2,A1P3R8TYQAKHR8,A2PIFMM4Q2I9ZS,"{'Architecture', 'Places', 'History'}",{'Architecture'},"{'Architecture', 'Monuments & Memorials', 'Places'}","{'Architecture', 'Places', 'Culture', 'History'}","{'Architecture', 'Places'}","{'Architecture', 'Monuments & Memorials', 'Places'}","{'Architecture', 'Places'}"
89557241,https://upload.wikimedia.org/wikipedia/commons/f/f2/Platinum-hexafluoride-3D-vdW.png,3KTCJ4SCVGMZHB2B6HCWA7LUZLZ1MR,A16NB8MZKTAJYO,A21XTK9Y0QZ8AB,A29GJGXFU9BQQG,"{'Geology', 'Music', 'Animals'}","{'Mathematics', 'Logos & Symbols'}",{'Chemistry'},"{'Culture', 'Animals', 'STEM', 'Geology', 'Music', 'Nature'}","{'Mathematics', 'Logos & Symbols', 'STEM'}","{'STEM', 'Chemistry'}",{'STEM'}
14867435,https://upload.wikimedia.org/wikipedia/commons/f/f3/T%C3%A9rmino_municipal_de_Calvarrasa_de_Arriba.svg,3DZKABX2ZIQ2U16I0627EZNYUB2CV9,A1400B4SP1PFKC,A2KW26KE43UBRS,A9HQ3E0F2AGVO,{'Maps & Flags'},{'Maps & Flags'},{'Maps & Flags'},"{'Places', 'Maps & Flags'}","{'Places', 'Maps & Flags'}","{'Places', 'Maps & Flags'}","{'Places', 'Maps & Flags'}"
8919251,https://upload.wikimedia.org/wikipedia/commons/f/f7/Kelleybarnesdam1949.jpg,3KTCJ4SCVGMZHB2B6HCWA7LUZLZ1MR,A16NB8MZKTAJYO,A21XTK9Y0QZ8AB,A29GJGXFU9BQQG,"{'Geology', 'Music', 'Politics'}",{'Landscapes'},"{'Landscapes', 'Diagrams'}","{'Politics', 'Society', 'Culture', 'STEM', 'Geology', 'Music'}","{'Landscapes', 'Places'}","{'STEM', 'Places', 'Landscapes', 'Diagrams'}","{'STEM', 'Places', 'Landscapes'}"
83759293,https://upload.wikimedia.org/wikipedia/commons/f/fa/Octavio_Solis%2C_September_2019.jpg,3KTCJ4SCVGMZHB2B6HCWA7LUZLZ1MR,A16NB8MZKTAJYO,A21XTK9Y0QZ8AB,A29GJGXFU9BQQG,"{'Landscapes', 'Fossils', 'Chemistry', 'Politics'}",{'People'},{'People'},"{'Politics', 'Landscapes', 'Fossils', 'Places', 'Society', 'Chemistry', 'STEM', 'Nature'}","{'Society', 'People'}","{'Society', 'People'}","{'Society', 'People'}"
4772123,https://upload.wikimedia.org/wikipedia/commons/f/fe/Itamar_Batista.jpg,3X7837UUADJ4NPXN9QBLPBKU32KJ63,A2E0LU8V4EUX5C,A39SK1E6IMQBD5,AQNCH42WD4ITI,"{'Transportation', 'People'}","{'Transportation', 'People'}",{'People'},"{'Transportation', 'Society', 'People'}","{'Transportation', 'Society', 'People'}","{'Society', 'People'}","{'Transportation', 'Society', 'People'}"
17973876,https://upload.wikimedia.org/wikipedia/commons/f/ff/Red-tab_Policeman_larva_on_Acridocarpus_natalitius%2C_Hawaan%2C_20-11-2010%2C_2.jpg,3X7837UUADJ4NPXN9QBLPBKU32KJ63,A2E0LU8V4EUX5C,A39SK1E6IMQBD5,AQNCH42WD4ITI,"{'Plants', 'Animals'}",{'Animals'},{'Animals'},"{'STEM', 'Plants', 'Animals', 'Nature'}","{'STEM', 'Animals', 'Nature'}","{'STEM', 'Animals', 'Nature'}","{'STEM', 'Animals', 'Nature'}"
