title,id,url,HITId,WorkerId0,WorkerId1,WorkerId2,AssignmentStatus0,AssignmentStatus1,AssignmentStatus2,labels0,labels1,labels2,labels_enriched0,labels_enriched1,labels_enriched2,labels_enriched_majority
Brianchon's Theorem.svg,1679278,https://upload.wikimedia.org/wikipedia/commons/c/c1/Brianchon%27s_Theorem.svg,31SIZS5W6OQUCGFVCXKAIC51C7KQRN,A304UJAE051J89,ATKLWAX72HM7A,AZHNR434Q0PCF,Approved,Approved,Approved,"{'Logos & Symbols', 'Diagrams'}",{'Mathematics'},{'Mathematics'},"{'Logos & Symbols', 'Diagrams', 'STEM'}","{'Mathematics', 'STEM'}","{'Mathematics', 'STEM'}","{'Mathematics', 'STEM'}"
CMV placentitis1 mini.jpg,7350260,https://upload.wikimedia.org/wikipedia/commons/2/20/CMV_placentitis1_mini.jpg,31SIZS5W6OQUCGFVCXKAIC51C7KQRN,A304UJAE051J89,ATKLWAX72HM7A,AZHNR434Q0PCF,Approved,Approved,Approved,"{'Chemistry', 'Animals'}",{'Chemistry'},{'Chemistry'},"{'Chemistry', 'STEM', 'Nature', 'Animals'}","{'Chemistry', 'STEM'}","{'Chemistry', 'STEM'}","{'Chemistry', 'STEM'}"
Herschel first picture on glass 1839 3 pozitiv.jpg,7833750,https://upload.wikimedia.org/wikipedia/commons/9/94/Herschel_first_picture_on_glass_1839_3_pozitiv.jpg,31SIZS5W6OQUCGFVCXKAIC51C7KQRN,A304UJAE051J89,ATKLWAX72HM7A,AZHNR434Q0PCF,Approved,Approved,Approved,"{'Architecture', 'Monuments & Memorials', 'Diagrams'}",{'Art'},"{'Art', 'History'}","{'Monuments & Memorials', 'STEM', 'Diagrams', 'Architecture', 'Places'}","{'Art', 'Culture'}","{'Art', 'Culture', 'History'}","{'Art', 'Culture'}"
LymanHallBuildingCornerstone.jpg,9556894,https://upload.wikimedia.org/wikipedia/commons/8/86/LymanHallBuildingCornerstone.jpg,31SIZS5W6OQUCGFVCXKAIC51C7KQRN,A304UJAE051J89,ATKLWAX72HM7A,AZHNR434Q0PCF,Approved,Approved,Approved,"{'Geology & Fossils', 'Monuments & Memorials', 'Diagrams', 'History'}",{'None'},{'Monuments & Memorials'},"{'Culture', 'Geology & Fossils', 'Monuments & Memorials', 'History', 'STEM', 'Diagrams', 'Places'}",set(),"{'Monuments & Memorials', 'Places'}","{'Monuments & Memorials', 'Places'}"
Corrientes 1882 F3.jpg,20168329,https://upload.wikimedia.org/wikipedia/commons/f/f5/Corrientes_1882_F3.jpg,31SIZS5W6OQUCGFVCXKAIC51C7KQRN,A304UJAE051J89,ATKLWAX72HM7A,AZHNR434Q0PCF,Approved,Approved,Approved,"{'People', 'History'}",{'History'},"{'Art', 'History'}","{'People', 'Culture', 'Society', 'History'}","{'Culture', 'History'}","{'Art', 'Culture', 'History'}","{'Culture', 'History'}"
Fautor boucheti (MNHN-IM-2000-31421).jpeg,89800459,https://upload.wikimedia.org/wikipedia/commons/1/1c/Fautor_boucheti_%28MNHN-IM-2000-31421%29.jpeg,31SIZS5W6OQUCGFVCXKAIC51C7KQRN,A304UJAE051J89,ATKLWAX72HM7A,AZHNR434Q0PCF,Approved,Approved,Approved,"{'Geology & Fossils', 'History', 'Animals'}",{'Mathematics'},{'Animals'},"{'Culture', 'Animals', 'Geology & Fossils', 'History', 'STEM', 'Nature'}","{'Mathematics', 'STEM'}","{'STEM', 'Nature', 'Animals'}","{'STEM', 'Nature', 'Animals'}"
Abstract syntax tree for Euclidean algorithm.svg,14676451,https://upload.wikimedia.org/wikipedia/commons/c/c7/Abstract_syntax_tree_for_Euclidean_algorithm.svg,31SIZS5W6OQUCGFVCXKAIC51C7KQRN,A304UJAE051J89,ATKLWAX72HM7A,AZHNR434Q0PCF,Approved,Approved,Approved,"{'Logos & Symbols', 'Diagrams'}",{'Diagrams'},{'Chemistry'},"{'Logos & Symbols', 'Diagrams', 'STEM'}","{'Diagrams', 'STEM'}","{'Chemistry', 'STEM'}","{'Diagrams', 'STEM'}"
Great Northern Passenger Station Bellingham 2.JPG,2996309,https://upload.wikimedia.org/wikipedia/commons/5/58/Great_Northern_Passenger_Station_Bellingham_2.JPG,31SIZS5W6OQUCGFVCXKAIC51C7KQRN,A304UJAE051J89,ATKLWAX72HM7A,AZHNR434Q0PCF,Approved,Approved,Approved,{'Architecture'},{'Architecture'},"{'Architecture', 'Places'}","{'Architecture', 'Places'}","{'Architecture', 'Places'}","{'Architecture', 'Places'}","{'Architecture', 'Places'}"
De zielenvisserij Rijksmuseum SK-A-447.jpeg,34317510,https://upload.wikimedia.org/wikipedia/commons/c/c6/De_zielenvisserij_Rijksmuseum_SK-A-447.jpeg,31SIZS5W6OQUCGFVCXKAIC51C7KQRN,A304UJAE051J89,ATKLWAX72HM7A,AZHNR434Q0PCF,Approved,Approved,Approved,"{'Art', 'Landscapes', 'Plants', 'History'}",{'Art'},"{'Art', 'History'}","{'Landscapes', 'Culture', 'Plants', 'History', 'STEM', 'Art', 'Nature', 'Places'}","{'Art', 'Culture'}","{'Art', 'Culture', 'History'}","{'Art', 'Culture', 'History'}"
Chelidonura punctata 1.jpg,1895677,https://upload.wikimedia.org/wikipedia/commons/b/b7/Chelidonura_punctata_1.jpg,31SIZS5W6OQUCGFVCXKAIC51C7KQRN,A304UJAE051J89,ATKLWAX72HM7A,AZHNR434Q0PCF,Approved,Approved,Approved,"{'Geology & Fossils', 'Animals'}",{'Animals'},{'Animals'},"{'Geology & Fossils', 'STEM', 'Nature', 'Animals'}","{'STEM', 'Nature', 'Animals'}","{'STEM', 'Nature', 'Animals'}","{'STEM', 'Nature', 'Animals'}"
Evolucion de un callo.jpg,1174568,https://upload.wikimedia.org/wikipedia/commons/7/75/Evolucion_de_un_callo.jpg,34F34TZU8BAWM9UX2HL0K3L7MKCJ2A,A1FHC4Z6QXDQSS,A28LVKN22K756,AF0W4ZBY7VXOU,Approved,Approved,Approved,"{'People', 'Medicine & Health'}",{'People'},"{'People', 'Medicine & Health'}","{'People', 'Society', 'STEM', 'Medicine & Health'}","{'People', 'Society'}","{'People', 'Society', 'STEM', 'Medicine & Health'}","{'People', 'Society', 'STEM', 'Medicine & Health'}"
U.S. President Barack Obama talks on the telephone with Oklahoma Governor Mary Fallin following the 2013 Moore tornado.jpg,26214540,https://upload.wikimedia.org/wikipedia/commons/e/ef/U.S._President_Barack_Obama_talks_on_the_telephone_with_Oklahoma_Governor_Mary_Fallin_following_the_2013_Moore_tornado.jpg,34F34TZU8BAWM9UX2HL0K3L7MKCJ2A,A1FHC4Z6QXDQSS,A28LVKN22K756,AF0W4ZBY7VXOU,Approved,Approved,Approved,"{'Architecture', 'People', 'Places'}",{'History'},"{'Politics', 'People', 'Events', 'History'}","{'Architecture', 'Society', 'People', 'Places'}","{'Culture', 'History'}","{'Society', 'Culture', 'People', 'Events', 'Politics', 'History'}","{'Society', 'Culture', 'History', 'People'}"
Luo Binwang.jpg,1177752,https://upload.wikimedia.org/wikipedia/commons/8/87/Luo_Binwang.jpg,34F34TZU8BAWM9UX2HL0K3L7MKCJ2A,A1FHC4Z6QXDQSS,A28LVKN22K756,AF0W4ZBY7VXOU,Approved,Approved,Approved,"{'Art', 'People', 'History'}","{'Literature', 'History'}","{'Art', 'People', 'History'}","{'People', 'Culture', 'Society', 'History', 'Art'}","{'Literature', 'Culture', 'History'}","{'People', 'Culture', 'Society', 'History', 'Art'}","{'People', 'Culture', 'Society', 'History', 'Art'}"
Okinawa Central Hospital Nursing School.JPG,3988129,https://upload.wikimedia.org/wikipedia/commons/2/24/Okinawa_Central_Hospital_Nursing_School.JPG,34F34TZU8BAWM9UX2HL0K3L7MKCJ2A,A1FHC4Z6QXDQSS,A28LVKN22K756,AF0W4ZBY7VXOU,Approved,Approved,Approved,"{'People', 'Events', 'History'}",{'None'},"{'People', 'Events', 'History'}","{'Society', 'Culture', 'People', 'Events', 'History'}",set(),"{'Society', 'Culture', 'People', 'Events', 'History'}","{'Society', 'Culture', 'People', 'Events', 'History'}"
Greater undecimal neutral second on C.png,18152286,https://upload.wikimedia.org/wikipedia/commons/5/50/Greater_undecimal_neutral_second_on_C.png,34F34TZU8BAWM9UX2HL0K3L7MKCJ2A,A1FHC4Z6QXDQSS,A28LVKN22K756,AF0W4ZBY7VXOU,Approved,Approved,Approved,"{'Music', 'Logos & Symbols'}",set(),"{'Art', 'Music'}","{'Music', 'Logos & Symbols', 'Culture'}",set(),"{'Art', 'Culture', 'Music'}","{'Music', 'Culture'}"
Brownlee leaving his house.jpg,7428133,https://upload.wikimedia.org/wikipedia/commons/b/bf/Brownlee_leaving_his_house.jpg,34F34TZU8BAWM9UX2HL0K3L7MKCJ2A,A1FHC4Z6QXDQSS,A28LVKN22K756,AF0W4ZBY7VXOU,Approved,Approved,Approved,"{'People', 'History'}","{'None', 'People'}","{'People', 'History'}","{'People', 'Culture', 'Society', 'History'}","{'People', 'Society'}","{'People', 'Culture', 'Society', 'History'}","{'People', 'Culture', 'Society', 'History'}"
Politeia beginning. Codex Parisinus graecus 1807.jpg,28341705,https://upload.wikimedia.org/wikipedia/commons/7/7b/Politeia_beginning._Codex_Parisinus_graecus_1807.jpg,34F34TZU8BAWM9UX2HL0K3L7MKCJ2A,A1FHC4Z6QXDQSS,A28LVKN22K756,AF0W4ZBY7VXOU,Approved,Approved,Approved,{'Literature'},{'None'},"{'Politics', 'Literature', 'History'}","{'Literature', 'Culture'}",set(),"{'Society', 'Culture', 'Politics', 'History', 'Literature'}","{'Literature', 'Culture'}"
Central African Republic India Locator.png,68318758,https://upload.wikimedia.org/wikipedia/commons/2/23/Central_African_Republic_India_Locator.png,34F34TZU8BAWM9UX2HL0K3L7MKCJ2A,A1FHC4Z6QXDQSS,A28LVKN22K756,AF0W4ZBY7VXOU,Approved,Approved,Approved,"{'Maps & Flags', 'Places'}","{'Chemistry', 'Diagrams'}","{'Maps & Flags', 'Landscapes', 'Places'}","{'Maps & Flags', 'Places'}","{'Diagrams', 'Chemistry', 'STEM'}","{'Maps & Flags', 'Landscapes', 'Places'}","{'Maps & Flags', 'Places'}"
George Walton (ca 1749-1804).jpg,8844495,https://upload.wikimedia.org/wikipedia/commons/9/97/George_Walton_%28ca_1749-1804%29.jpg,34F34TZU8BAWM9UX2HL0K3L7MKCJ2A,A1FHC4Z6QXDQSS,A28LVKN22K756,AF0W4ZBY7VXOU,Approved,Approved,Approved,"{'People', 'History'}","{'Literature', 'History'}","{'Politics', 'People', 'History'}","{'People', 'Culture', 'Society', 'History'}","{'Literature', 'Culture', 'History'}","{'People', 'Culture', 'Society', 'Politics', 'History'}","{'People', 'Culture', 'Society', 'History'}"
Chayey moharan shaar - hebrewbooks.PNG,30190310,https://upload.wikimedia.org/wikipedia/commons/9/9f/Chayey_moharan_shaar_-_hebrewbooks.PNG,34F34TZU8BAWM9UX2HL0K3L7MKCJ2A,A1FHC4Z6QXDQSS,A28LVKN22K756,AF0W4ZBY7VXOU,Approved,Approved,Approved,"{'Literature', 'Logos & Symbols'}",{'None'},"{'Literature', 'History'}","{'Literature', 'Culture', 'Logos & Symbols'}",set(),"{'Literature', 'Culture', 'History'}","{'Literature', 'Culture'}"
Arlette Laguiller.jpg,1962050,https://upload.wikimedia.org/wikipedia/commons/8/8e/Arlette_Laguiller.jpg,35O6H0UNM7ROL6DKK0NYIAOJ6U3J5B,A2JDYN6QM8M5UN,A61DZEEWUD0LN,ABVP1XX3ZOMKL,Approved,Approved,Approved,{'People'},{'People'},{'People'},"{'People', 'Society'}","{'People', 'Society'}","{'People', 'Society'}","{'People', 'Society'}"
Michelle Bachelet headshot 2013.jpg,27929312,https://upload.wikimedia.org/wikipedia/commons/6/6f/Michelle_Bachelet_headshot_2013.jpg,35O6H0UNM7ROL6DKK0NYIAOJ6U3J5B,A2JDYN6QM8M5UN,A61DZEEWUD0LN,ABVP1XX3ZOMKL,Approved,Approved,Approved,{'People'},{'People'},{'People'},"{'People', 'Society'}","{'People', 'Society'}","{'People', 'Society'}","{'People', 'Society'}"
Henry George Ward.jpg,18026193,https://upload.wikimedia.org/wikipedia/commons/c/c7/Henry_George_Ward.jpg,35O6H0UNM7ROL6DKK0NYIAOJ6U3J5B,A2JDYN6QM8M5UN,A61DZEEWUD0LN,ABVP1XX3ZOMKL,Approved,Approved,Approved,"{'People', 'History'}",{'History'},"{'Art', 'People', 'History'}","{'People', 'Culture', 'Society', 'History'}","{'Culture', 'History'}","{'People', 'Culture', 'Society', 'History', 'Art'}","{'People', 'Culture', 'Society', 'History'}"
Logoznio.png,83535156,https://upload.wikimedia.org/wikipedia/commons/2/2a/Logoznio.png,35O6H0UNM7ROL6DKK0NYIAOJ6U3J5B,A2JDYN6QM8M5UN,A61DZEEWUD0LN,ABVP1XX3ZOMKL,Approved,Approved,Approved,{'Logos & Symbols'},{'Logos & Symbols'},{'Logos & Symbols'},{'Logos & Symbols'},{'Logos & Symbols'},{'Logos & Symbols'},{'Logos & Symbols'}
Trochus flammulatus 001.jpg,33414063,https://upload.wikimedia.org/wikipedia/commons/6/6a/Trochus_flammulatus_001.jpg,35O6H0UNM7ROL6DKK0NYIAOJ6U3J5B,A2JDYN6QM8M5UN,A61DZEEWUD0LN,ABVP1XX3ZOMKL,Approved,Approved,Approved,{'Geology & Fossils'},{'None'},"{'Geology & Fossils', 'Animals'}","{'Geology & Fossils', 'STEM'}",set(),"{'Geology & Fossils', 'STEM', 'Nature', 'Animals'}","{'Geology & Fossils', 'STEM'}"
Oxford West and Abingdon hustings St Annes College 20100226.JPG,9578071,https://upload.wikimedia.org/wikipedia/commons/f/f5/Oxford_West_and_Abingdon_hustings_St_Annes_College_20100226.JPG,35O6H0UNM7ROL6DKK0NYIAOJ6U3J5B,A2JDYN6QM8M5UN,A61DZEEWUD0LN,ABVP1XX3ZOMKL,Approved,Approved,Approved,"{'Politics', 'People', 'Events'}",{'People'},"{'People', 'Events'}","{'Politics', 'Society', 'Events', 'People'}","{'People', 'Society'}","{'Society', 'Events', 'People'}","{'Society', 'Events', 'People'}"
Guéckédou hospital.jpg,8919005,https://upload.wikimedia.org/wikipedia/commons/6/63/Gu%C3%A9ck%C3%A9dou_hospital.jpg,35O6H0UNM7ROL6DKK0NYIAOJ6U3J5B,A2JDYN6QM8M5UN,A61DZEEWUD0LN,ABVP1XX3ZOMKL,Approved,Approved,Approved,"{'Architecture', 'People', 'Places', 'Medicine & Health'}",{'Architecture'},"{'People', 'Places'}","{'People', 'Society', 'STEM', 'Medicine & Health', 'Architecture', 'Places'}","{'Architecture', 'Places'}","{'People', 'Society', 'Places'}","{'Architecture', 'Society', 'People', 'Places'}"
Glenn Thompson 116th Congress.jpg,76624103,https://upload.wikimedia.org/wikipedia/commons/b/b3/Glenn_Thompson_116th_Congress.jpg,35O6H0UNM7ROL6DKK0NYIAOJ6U3J5B,A2JDYN6QM8M5UN,A61DZEEWUD0LN,ABVP1XX3ZOMKL,Approved,Approved,Approved,"{'Politics', 'People'}",{'People'},"{'Politics', 'People'}","{'Politics', 'People', 'Society'}","{'People', 'Society'}","{'Politics', 'People', 'Society'}","{'Politics', 'People', 'Society'}"
Moscow RechnoyVokzaltMetroStation 1091.jpg,66158064,https://upload.wikimedia.org/wikipedia/commons/9/98/Moscow_RechnoyVokzaltMetroStation_1091.jpg,35O6H0UNM7ROL6DKK0NYIAOJ6U3J5B,A2JDYN6QM8M5UN,A61DZEEWUD0LN,ABVP1XX3ZOMKL,Approved,Approved,Approved,"{'Architecture', 'Transportation', 'People'}",{'Places'},"{'Transportation', 'People', 'Places'}","{'Society', 'People', 'Transportation', 'Architecture', 'Places'}",{'Places'},"{'Transportation', 'People', 'Society', 'Places'}","{'Transportation', 'Society', 'Places', 'People'}"
Marble Arch stn eastbound look west.JPG,4502868,https://upload.wikimedia.org/wikipedia/commons/5/57/Marble_Arch_stn_eastbound_look_west.JPG,35O6H0UNM7ROL6DKK0NYIAOJ6U3J5B,A2JDYN6QM8M5UN,A61DZEEWUD0LN,ABVP1XX3ZOMKL,Approved,Approved,Approved,{'Transportation'},{'Places'},"{'Transportation', 'Places'}","{'Transportation', 'Society'}",{'Places'},"{'Transportation', 'Society', 'Places'}","{'Transportation', 'Society', 'Places'}"
Probus.jpg,16255055,https://upload.wikimedia.org/wikipedia/commons/9/90/Probus.jpg,39WSF6KUWHW2I0XABE86U0BIIHCOE0,A143XRCI1YXAFE,A2E0LU8V4EUX5C,AZHNR434Q0PCF,Approved,Approved,Approved,"{'Art', 'History'}","{'Art', 'Logos & Symbols', 'History'}","{'Art', 'History'}","{'Art', 'Culture', 'History'}","{'Art', 'Culture', 'History', 'Logos & Symbols'}","{'Art', 'Culture', 'History'}","{'Art', 'Culture', 'History'}"
Robert A. Naef.JPG,6197632,https://upload.wikimedia.org/wikipedia/commons/6/60/Robert_A._Naef.JPG,39WSF6KUWHW2I0XABE86U0BIIHCOE0,A143XRCI1YXAFE,A2E0LU8V4EUX5C,AZHNR434Q0PCF,Approved,Approved,Approved,{'People'},{'People'},"{'People', 'History'}","{'People', 'Society'}","{'People', 'Society'}","{'People', 'Culture', 'Society', 'History'}","{'People', 'Society'}"
Aniru Conteh CDC Lassa Documentary 1989.jpg,7754058,https://upload.wikimedia.org/wikipedia/commons/9/98/Aniru_Conteh_CDC_Lassa_Documentary_1989.jpg,39WSF6KUWHW2I0XABE86U0BIIHCOE0,A143XRCI1YXAFE,A2E0LU8V4EUX5C,AZHNR434Q0PCF,Approved,Approved,Approved,{'People'},{'People'},"{'People', 'Medicine & Health'}","{'People', 'Society'}","{'People', 'Society'}","{'People', 'Society', 'STEM', 'Medicine & Health'}","{'People', 'Society'}"
Frank Jordan meets with Doug Cuthbertson and other union leaders at City Hall during the 1994 newspaper strike.jpg,40833081,https://upload.wikimedia.org/wikipedia/commons/a/a1/Frank_Jordan_meets_with_Doug_Cuthbertson_and_other_union_leaders_at_City_Hall_during_the_1994_newspaper_strike.jpg,39WSF6KUWHW2I0XABE86U0BIIHCOE0,A143XRCI1YXAFE,A2E0LU8V4EUX5C,AZHNR434Q0PCF,Approved,Approved,Approved,{'People'},"{'Politics', 'People', 'Events'}","{'People', 'History'}","{'People', 'Society'}","{'Politics', 'Society', 'Events', 'People'}","{'People', 'Culture', 'Society', 'History'}","{'People', 'Society'}"
MBST.png,44340480,https://upload.wikimedia.org/wikipedia/commons/3/31/MBST.png,39WSF6KUWHW2I0XABE86U0BIIHCOE0,A143XRCI1YXAFE,A2E0LU8V4EUX5C,AZHNR434Q0PCF,Approved,Approved,Approved,{'Diagrams'},"{'Mathematics', 'Chemistry', 'Diagrams'}",{'Mathematics'},"{'Diagrams', 'STEM'}","{'Mathematics', 'Diagrams', 'Chemistry', 'STEM'}","{'Mathematics', 'STEM'}","{'Mathematics', 'Diagrams', 'STEM'}"
Clavius Crater.jpg,595287,https://upload.wikimedia.org/wikipedia/commons/1/1a/Clavius_Crater.jpg,39WSF6KUWHW2I0XABE86U0BIIHCOE0,A143XRCI1YXAFE,A2E0LU8V4EUX5C,AZHNR434Q0PCF,Approved,Approved,Approved,"{'Landscapes', 'Space'}","{'Geology & Fossils', 'Landscapes', 'Space', 'Places'}","{'Geology & Fossils', 'Space'}","{'Landscapes', 'Space', 'Places', 'STEM'}","{'Landscapes', 'Geology & Fossils', 'STEM', 'Space', 'Places'}","{'Geology & Fossils', 'Space', 'STEM'}","{'Landscapes', 'Geology & Fossils', 'STEM', 'Space', 'Places'}"
Troparyovo MosMetro station 02-2015 platform.jpg,38162811,https://upload.wikimedia.org/wikipedia/commons/5/51/Troparyovo_MosMetro_station_02-2015_platform.jpg,39WSF6KUWHW2I0XABE86U0BIIHCOE0,A143XRCI1YXAFE,A2E0LU8V4EUX5C,AZHNR434Q0PCF,Approved,Approved,Approved,{'Monuments & Memorials'},{'Architecture'},{'Architecture'},"{'Monuments & Memorials', 'Places'}","{'Architecture', 'Places'}","{'Architecture', 'Places'}","{'Architecture', 'Places'}"
William Morris Queen Guenevere and Isoude Les Blanches Mains.png,11693585,https://upload.wikimedia.org/wikipedia/commons/6/6f/William_Morris_Queen_Guenevere_and_Isoude_Les_Blanches_Mains.png,39WSF6KUWHW2I0XABE86U0BIIHCOE0,A143XRCI1YXAFE,A2E0LU8V4EUX5C,AZHNR434Q0PCF,Approved,Approved,Approved,"{'Art', 'History'}","{'Art', 'Logos & Symbols', 'History'}","{'Art', 'History'}","{'Art', 'Culture', 'History'}","{'Art', 'Culture', 'History', 'Logos & Symbols'}","{'Art', 'Culture', 'History'}","{'Art', 'Culture', 'History'}"
Belsize Park stn northbound look north.JPG,4324678,https://upload.wikimedia.org/wikipedia/commons/4/47/Belsize_Park_stn_northbound_look_north.JPG,39WSF6KUWHW2I0XABE86U0BIIHCOE0,A143XRCI1YXAFE,A2E0LU8V4EUX5C,AZHNR434Q0PCF,Approved,Approved,Approved,{'Transportation'},"{'Architecture', 'Transportation'}","{'Architecture', 'Transportation'}","{'Transportation', 'Society'}","{'Architecture', 'Transportation', 'Society', 'Places'}","{'Architecture', 'Transportation', 'Society', 'Places'}","{'Architecture', 'Transportation', 'Society', 'Places'}"
Myles Standish Hall.jpg,2154684,https://upload.wikimedia.org/wikipedia/commons/4/49/Myles_Standish_Hall.jpg,39WSF6KUWHW2I0XABE86U0BIIHCOE0,A143XRCI1YXAFE,A2E0LU8V4EUX5C,AZHNR434Q0PCF,Approved,Approved,Approved,{'Architecture'},"{'Architecture', 'Landscapes', 'Places'}","{'Architecture', 'Plants'}","{'Architecture', 'Places'}","{'Architecture', 'Landscapes', 'Places'}","{'Plants', 'STEM', 'Nature', 'Architecture', 'Places'}","{'Architecture', 'Places'}"
LevisonH-full.jpg,18305652,https://upload.wikimedia.org/wikipedia/commons/5/5c/LevisonH-full.jpg,3DWNFENNFI66PN9K6V4ODII56Y8J46,A2H1RXUC8XNNIW,A2ZDWWWAZUYHFT,AZHNR434Q0PCF,Approved,Approved,Approved,{'People'},"{'Geology & Fossils', 'People', 'History'}",{'People'},"{'People', 'Society'}","{'People', 'Culture', 'Society', 'Geology & Fossils', 'STEM', 'History'}","{'People', 'Society'}","{'People', 'Society'}"
Zhuge Liang.jpg,1181166,https://upload.wikimedia.org/wikipedia/commons/9/95/Zhuge_Liang.jpg,3DWNFENNFI66PN9K6V4ODII56Y8J46,A2H1RXUC8XNNIW,A2ZDWWWAZUYHFT,AZHNR434Q0PCF,Approved,Approved,Approved,{'Art'},"{'Art', 'People', 'Diagrams'}",{'Art'},"{'Art', 'Culture'}","{'People', 'Culture', 'Society', 'STEM', 'Art', 'Diagrams'}","{'Art', 'Culture'}","{'Art', 'Culture'}"
Param st 01.jpg,23346391,https://upload.wikimedia.org/wikipedia/commons/3/3c/Param_st_01.jpg,3DWNFENNFI66PN9K6V4ODII56Y8J46,A2H1RXUC8XNNIW,A2ZDWWWAZUYHFT,AZHNR434Q0PCF,Approved,Approved,Approved,{'Mathematics'},"{'Architecture', 'Art', 'Diagrams'}",{'Diagrams'},"{'Mathematics', 'STEM'}","{'Culture', 'STEM', 'Art', 'Diagrams', 'Architecture', 'Places'}","{'Diagrams', 'STEM'}","{'Diagrams', 'STEM'}"
HolnicoteStables Selworthy Somerset.JPG,36478583,https://upload.wikimedia.org/wikipedia/commons/1/15/HolnicoteStables_Selworthy_Somerset.JPG,3DWNFENNFI66PN9K6V4ODII56Y8J46,A2H1RXUC8XNNIW,A2ZDWWWAZUYHFT,AZHNR434Q0PCF,Approved,Approved,Approved,{'Places'},"{'Literature', 'Transportation', 'Technology & Engineering'}","{'Architecture', 'Places'}",{'Places'},"{'Society', 'Culture', 'Transportation', 'STEM', 'Technology & Engineering', 'Literature'}","{'Architecture', 'Places'}",{'Places'}
Japanese GeneralGovernmentBuildingDemolition.jpg,4446380,https://upload.wikimedia.org/wikipedia/commons/1/15/Japanese_GeneralGovernmentBuildingDemolition.jpg,3DWNFENNFI66PN9K6V4ODII56Y8J46,A2H1RXUC8XNNIW,A2ZDWWWAZUYHFT,AZHNR434Q0PCF,Approved,Approved,Approved,{'Places'},"{'Geology & Fossils', 'Events', 'Literature'}","{'Architecture', 'Transportation', 'Places'}",{'Places'},"{'Society', 'Culture', 'Events', 'Geology & Fossils', 'STEM', 'Literature'}","{'Architecture', 'Transportation', 'Society', 'Places'}","{'Society', 'Places'}"
Healthy Brain Healthy Europe.jpg,69128275,https://upload.wikimedia.org/wikipedia/commons/9/9a/Healthy_Brain_Healthy_Europe.jpg,3DWNFENNFI66PN9K6V4ODII56Y8J46,A2H1RXUC8XNNIW,A2ZDWWWAZUYHFT,AZHNR434Q0PCF,Approved,Approved,Approved,{'People'},"{'People', 'Chemistry', 'History'}","{'Politics', 'People'}","{'People', 'Society'}","{'People', 'Culture', 'Society', 'STEM', 'History', 'Chemistry'}","{'Politics', 'People', 'Society'}","{'People', 'Society'}"
2007 02 Inaki Anasagasti-2.jpg,17768534,https://upload.wikimedia.org/wikipedia/commons/9/95/2007_02_Inaki_Anasagasti-2.jpg,3DWNFENNFI66PN9K6V4ODII56Y8J46,A2H1RXUC8XNNIW,A2ZDWWWAZUYHFT,AZHNR434Q0PCF,Approved,Approved,Approved,{'People'},"{'Mathematics', 'People', 'History'}",{'People'},"{'People', 'Society'}","{'People', 'Culture', 'Society', 'History', 'STEM', 'Mathematics'}","{'People', 'Society'}","{'People', 'Society'}"
PulsePoint App v4-3 AED detail on iPhone XS 05-23-2019.png,82192354,https://upload.wikimedia.org/wikipedia/commons/1/1a/PulsePoint_App_v4-3_AED_detail_on_iPhone_XS_05-23-2019.png,3DWNFENNFI66PN9K6V4ODII56Y8J46,A2H1RXUC8XNNIW,A2ZDWWWAZUYHFT,AZHNR434Q0PCF,Approved,Approved,Approved,{'None'},set(),{'None'},set(),set(),set(),set()
Google Street View at ALMA AOS.jpg,33324390,https://upload.wikimedia.org/wikipedia/commons/6/68/Google_Street_View_at_ALMA_AOS.jpg,3DWNFENNFI66PN9K6V4ODII56Y8J46,A2H1RXUC8XNNIW,A2ZDWWWAZUYHFT,AZHNR434Q0PCF,Approved,Approved,Approved,{'Places'},"{'Geology & Fossils', 'History', 'Sports'}","{'People', 'Technology & Engineering'}",{'Places'},"{'Society', 'Culture', 'Geology & Fossils', 'STEM', 'History', 'Sports'}","{'People', 'Society', 'STEM', 'Technology & Engineering'}","{'Society', 'STEM'}"
Firma Lenín Moreno Garcés.png,61469662,https://upload.wikimedia.org/wikipedia/commons/f/f8/Firma_Len%C3%ADn_Moreno_Garc%C3%A9s.png,3DWNFENNFI66PN9K6V4ODII56Y8J46,A2H1RXUC8XNNIW,A2ZDWWWAZUYHFT,AZHNR434Q0PCF,Approved,Approved,Approved,{'Literature'},"{'Politics', 'Art', 'Technology & Engineering'}","{'None', 'Logos & Symbols'}","{'Literature', 'Culture'}","{'Society', 'Culture', 'Politics', 'STEM', 'Technology & Engineering', 'Art'}",{'Logos & Symbols'},{'Culture'}
Antisect 2011.jpg,16181383,https://upload.wikimedia.org/wikipedia/commons/9/9c/Antisect_2011.jpg,3JMQI2OLGEGF89JYE4X99TTSSV6DNH,A3TDRHK841GOSB,AEIACTPDXL4MJ,AZHNR434Q0PCF,Approved,Approved,Approved,"{'Music', 'Events'}","{'Music', 'Events'}","{'People', 'Events'}","{'Music', 'Society', 'Culture', 'Events'}","{'Music', 'Society', 'Culture', 'Events'}","{'Society', 'Events', 'People'}","{'Music', 'Society', 'Culture', 'Events'}"
FMARS Medical Laser1 2009-07-26.jpg,12357612,https://upload.wikimedia.org/wikipedia/commons/5/52/FMARS_Medical_Laser1_2009-07-26.jpg,3JMQI2OLGEGF89JYE4X99TTSSV6DNH,A3TDRHK841GOSB,AEIACTPDXL4MJ,AZHNR434Q0PCF,Approved,Approved,Approved,{'Medicine & Health'},{'People'},"{'People', 'Technology & Engineering'}","{'STEM', 'Medicine & Health'}","{'People', 'Society'}","{'People', 'Society', 'STEM', 'Technology & Engineering'}","{'People', 'Society', 'STEM'}"
Western mail gnangarra 01.jpg,2128786,https://upload.wikimedia.org/wikipedia/commons/9/95/Western_mail_gnangarra_01.jpg,3JMQI2OLGEGF89JYE4X99TTSSV6DNH,A3TDRHK841GOSB,AEIACTPDXL4MJ,AZHNR434Q0PCF,Approved,Approved,Approved,{'Literature'},{'Literature'},{'Literature'},"{'Literature', 'Culture'}","{'Literature', 'Culture'}","{'Literature', 'Culture'}","{'Literature', 'Culture'}"
An Disheng.jpg,15773869,https://upload.wikimedia.org/wikipedia/commons/5/5e/An_Disheng.jpg,3JMQI2OLGEGF89JYE4X99TTSSV6DNH,A3TDRHK841GOSB,AEIACTPDXL4MJ,AZHNR434Q0PCF,Approved,Approved,Approved,{'History'},"{'People', 'History'}","{'Art', 'People', 'History'}","{'Culture', 'History'}","{'People', 'Culture', 'Society', 'History'}","{'People', 'Culture', 'Society', 'History', 'Art'}","{'People', 'Culture', 'Society', 'History'}"
Tomb of Nakht (2).jpg,2416357,https://upload.wikimedia.org/wikipedia/commons/3/3d/Tomb_of_Nakht_%282%29.jpg,3JMQI2OLGEGF89JYE4X99TTSSV6DNH,A3TDRHK841GOSB,AEIACTPDXL4MJ,AZHNR434Q0PCF,Approved,Approved,Approved,{'History'},"{'Art', 'History'}","{'Art', 'History'}","{'Culture', 'History'}","{'Art', 'Culture', 'History'}","{'Art', 'Culture', 'History'}","{'Art', 'Culture', 'History'}"
Robert Toombs.pageantofamerica.jpg,1601391,https://upload.wikimedia.org/wikipedia/commons/3/38/Robert_Toombs.pageantofamerica.jpg,3JMQI2OLGEGF89JYE4X99TTSSV6DNH,A3TDRHK841GOSB,AEIACTPDXL4MJ,AZHNR434Q0PCF,Approved,Approved,Approved,"{'Mathematics', 'Food'}","{'People', 'History'}","{'Art', 'People', 'History'}","{'Mathematics', 'Culture', 'Food', 'STEM'}","{'People', 'Culture', 'Society', 'History'}","{'People', 'Culture', 'Society', 'History', 'Art'}","{'People', 'Culture', 'Society', 'History'}"
Normal distribution cdf.png,84813,https://upload.wikimedia.org/wikipedia/commons/1/19/Normal_distribution_cdf.png,3JMQI2OLGEGF89JYE4X99TTSSV6DNH,A3TDRHK841GOSB,AEIACTPDXL4MJ,AZHNR434Q0PCF,Approved,Approved,Approved,{'Diagrams'},{'Diagrams'},{'Diagrams'},"{'Diagrams', 'STEM'}","{'Diagrams', 'STEM'}","{'Diagrams', 'STEM'}","{'Diagrams', 'STEM'}"
PaulReveredentaltools.jpg,6300588,https://upload.wikimedia.org/wikipedia/commons/1/11/PaulReveredentaltools.jpg,3JMQI2OLGEGF89JYE4X99TTSSV6DNH,A3TDRHK841GOSB,AEIACTPDXL4MJ,AZHNR434Q0PCF,Approved,Approved,Approved,{'Medicine & Health'},"{'History', 'Technology & Engineering'}","{'Medicine & Health', 'Technology & Engineering'}","{'STEM', 'Medicine & Health'}","{'STEM', 'Culture', 'History', 'Technology & Engineering'}","{'STEM', 'Medicine & Health', 'Technology & Engineering'}","{'STEM', 'Medicine & Health', 'Technology & Engineering'}"
Copts praying in Tahrir.jpg,13259916,https://upload.wikimedia.org/wikipedia/commons/d/d9/Copts_praying_in_Tahrir.jpg,3JMQI2OLGEGF89JYE4X99TTSSV6DNH,A3TDRHK841GOSB,AEIACTPDXL4MJ,AZHNR434Q0PCF,Approved,Approved,Approved,{'Politics'},"{'Politics', 'Events'}","{'People', 'Events'}","{'Politics', 'Society'}","{'Politics', 'Society', 'Events'}","{'Society', 'Events', 'People'}","{'Politics', 'Society', 'Events'}"
Markovkate 01.svg,10284158,https://upload.wikimedia.org/wikipedia/commons/2/2b/Markovkate_01.svg,3JMQI2OLGEGF89JYE4X99TTSSV6DNH,A3TDRHK841GOSB,AEIACTPDXL4MJ,AZHNR434Q0PCF,Approved,Approved,Approved,{'Diagrams'},{'Diagrams'},{'Mathematics'},"{'Diagrams', 'STEM'}","{'Diagrams', 'STEM'}","{'Mathematics', 'STEM'}","{'Diagrams', 'STEM'}"
Oseta kartvela skribo.jpg,385323,https://upload.wikimedia.org/wikipedia/commons/4/45/Oseta_kartvela_skribo.jpg,3K3IX1W4TL2HDNSZA9JZNHQH77AAP8,A195MOXRMNHRVT,A27QXQ22F9ODSP,AK5AFB4VLBCGK,Approved,Approved,Approved,"{'Literature', 'History'}","{'Architecture', 'Geology & Fossils', 'Events', 'History'}",{'Literature'},"{'Literature', 'Culture', 'History'}","{'Society', 'Culture', 'Events', 'Geology & Fossils', 'STEM', 'History', 'Architecture', 'Places'}","{'Literature', 'Culture'}","{'Literature', 'Culture', 'History'}"
Chile Greece Locator.png,21066943,https://upload.wikimedia.org/wikipedia/commons/7/7c/Chile_Greece_Locator.png,3K3IX1W4TL2HDNSZA9JZNHQH77AAP8,A195MOXRMNHRVT,A27QXQ22F9ODSP,AK5AFB4VLBCGK,Approved,Approved,Approved,{'Diagrams'},"{'Geology & Fossils', 'Diagrams', 'History'}",{'Space'},"{'Diagrams', 'STEM'}","{'Culture', 'Geology & Fossils', 'History', 'STEM', 'Diagrams'}","{'Space', 'STEM'}","{'Diagrams', 'STEM'}"
Harold Pitney Brown edison electrocute horse 1888 New York Medico-Legal Journal vol 6 issue 4.png,42835070,https://upload.wikimedia.org/wikipedia/commons/a/a8/Harold_Pitney_Brown_edison_electrocute_horse_1888_New_York_Medico-Legal_Journal_vol_6_issue_4.png,3K3IX1W4TL2HDNSZA9JZNHQH77AAP8,A195MOXRMNHRVT,A27QXQ22F9ODSP,AK5AFB4VLBCGK,Approved,Approved,Approved,"{'People', 'Events', 'Animals', 'History', 'Technology & Engineering'}","{'People', 'Animals', 'History', 'Diagrams', 'Architecture'}","{'History', 'Animals'}","{'Society', 'Culture', 'People', 'Events', 'Animals', 'STEM', 'History', 'Technology & Engineering', 'Nature'}","{'People', 'Culture', 'Society', 'Animals', 'STEM', 'History', 'Diagrams', 'Nature', 'Architecture', 'Places'}","{'Culture', 'Animals', 'History', 'STEM', 'Nature'}","{'Society', 'Culture', 'People', 'Animals', 'History', 'STEM', 'Nature'}"
William Herschel01.jpg,224367,https://upload.wikimedia.org/wikipedia/commons/3/36/William_Herschel01.jpg,3K3IX1W4TL2HDNSZA9JZNHQH77AAP8,A195MOXRMNHRVT,A27QXQ22F9ODSP,AK5AFB4VLBCGK,Approved,Approved,Approved,"{'Art', 'People', 'History'}","{'People', 'Politics', 'Art', 'Diagrams', 'Mathematics'}",{'People'},"{'People', 'Culture', 'Society', 'History', 'Art'}","{'People', 'Culture', 'Society', 'Politics', 'STEM', 'Art', 'Diagrams', 'Mathematics'}","{'People', 'Society'}","{'Art', 'People', 'Culture', 'Society'}"
Tang Zhongzong.png,40676871,https://upload.wikimedia.org/wikipedia/commons/5/5e/Tang_Zhongzong.png,3K3IX1W4TL2HDNSZA9JZNHQH77AAP8,A195MOXRMNHRVT,A27QXQ22F9ODSP,AK5AFB4VLBCGK,Approved,Approved,Approved,"{'People', 'History'}","{'People', 'History'}",{'People'},"{'People', 'Culture', 'Society', 'History'}","{'People', 'Culture', 'Society', 'History'}","{'People', 'Society'}","{'People', 'Culture', 'Society', 'History'}"
Chest X-ray of a Ghon’s focus.jpg,71246656,https://upload.wikimedia.org/wikipedia/commons/1/14/Chest_X-ray_of_a_Ghon%E2%80%99s_focus.jpg,3K3IX1W4TL2HDNSZA9JZNHQH77AAP8,A195MOXRMNHRVT,A27QXQ22F9ODSP,AK5AFB4VLBCGK,Approved,Approved,Approved,{'Medicine & Health'},"{'People', 'Diagrams', 'Medicine & Health'}",{'Medicine & Health'},"{'STEM', 'Medicine & Health'}","{'People', 'Society', 'STEM', 'Diagrams', 'Medicine & Health'}","{'STEM', 'Medicine & Health'}","{'STEM', 'Medicine & Health'}"
"Bundesarchiv Bild 183-90569-0001, Berlin, Vorschlag zur Auszeichnung mit Goldener DFD-Ehrennadel.jpg",5431865,https://upload.wikimedia.org/wikipedia/commons/6/6c/Bundesarchiv_Bild_183-90569-0001%2C_Berlin%2C_Vorschlag_zur_Auszeichnung_mit_Goldener_DFD-Ehrennadel.jpg,3K3IX1W4TL2HDNSZA9JZNHQH77AAP8,A195MOXRMNHRVT,A27QXQ22F9ODSP,AK5AFB4VLBCGK,Approved,Approved,Approved,"{'People', 'History', 'Medicine & Health'}","{'People', 'Events', 'Politics', 'Monuments & Memorials', 'History', 'Technology & Engineering', 'Medicine & Health'}",{'Medicine & Health'},"{'People', 'Culture', 'Society', 'History', 'STEM', 'Medicine & Health'}","{'Society', 'Culture', 'People', 'Events', 'Politics', 'Monuments & Memorials', 'History', 'STEM', 'Technology & Engineering', 'Medicine & Health', 'Places'}","{'STEM', 'Medicine & Health'}","{'People', 'Culture', 'Society', 'STEM', 'History', 'Medicine & Health'}"
120px-Hexahedron-slowturn.gif,75256,https://upload.wikimedia.org/wikipedia/commons/5/50/120px-Hexahedron-slowturn.gif,3K3IX1W4TL2HDNSZA9JZNHQH77AAP8,A195MOXRMNHRVT,A27QXQ22F9ODSP,AK5AFB4VLBCGK,Approved,Approved,Approved,{'None'},"{'Mathematics', 'Diagrams'}",{'Mathematics'},set(),"{'Mathematics', 'Diagrams', 'STEM'}","{'Mathematics', 'STEM'}","{'Mathematics', 'STEM'}"
Cavitation.png,36864293,https://upload.wikimedia.org/wikipedia/commons/6/6f/Cavitation.png,3K3IX1W4TL2HDNSZA9JZNHQH77AAP8,A195MOXRMNHRVT,A27QXQ22F9ODSP,AK5AFB4VLBCGK,Approved,Approved,Approved,{'Medicine & Health'},"{'People', 'Diagrams', 'Medicine & Health'}",{'Medicine & Health'},"{'STEM', 'Medicine & Health'}","{'People', 'Society', 'STEM', 'Diagrams', 'Medicine & Health'}","{'STEM', 'Medicine & Health'}","{'STEM', 'Medicine & Health'}"
Talquin Dam on Lake Talquin from SR20.jpg,57121308,https://upload.wikimedia.org/wikipedia/commons/2/2c/Talquin_Dam_on_Lake_Talquin_from_SR20.jpg,3KI0JD2ZVGTRKFCWOA867QXABUE677,A2HWC65YAL6MHK,A2RKUDGK5PQ44X,AK5AFB4VLBCGK,Approved,Approved,Approved,{'Landscapes'},"{'Architecture', 'Technology & Engineering'}",{'Places'},"{'Landscapes', 'Places'}","{'Architecture', 'Places', 'STEM', 'Technology & Engineering'}",{'Places'},{'Places'}
Evryscope South.jpg,77126237,https://upload.wikimedia.org/wikipedia/commons/2/29/Evryscope_South.jpg,3KI0JD2ZVGTRKFCWOA867QXABUE677,A2HWC65YAL6MHK,A2RKUDGK5PQ44X,AK5AFB4VLBCGK,Approved,Approved,Approved,"{'Landscapes', 'Places'}","{'Space', 'Technology & Engineering'}","{'Art', 'Places'}","{'Landscapes', 'Places'}","{'Space', 'STEM', 'Technology & Engineering'}","{'Art', 'Culture', 'Places'}",{'Places'}
Junior League trophy.jpg,48316139,https://upload.wikimedia.org/wikipedia/commons/7/75/Junior_League_trophy.jpg,3KI0JD2ZVGTRKFCWOA867QXABUE677,A2HWC65YAL6MHK,A2RKUDGK5PQ44X,AK5AFB4VLBCGK,Approved,Approved,Approved,{'Sports'},"{'People', 'Sports'}",{'Sports'},"{'Society', 'Sports'}","{'People', 'Society', 'Sports'}","{'Society', 'Sports'}","{'Society', 'Sports'}"
H1N1 Hong Kong Map.svg,6670725,https://upload.wikimedia.org/wikipedia/commons/e/ea/H1N1_Hong_Kong_Map.svg,3KI0JD2ZVGTRKFCWOA867QXABUE677,A2HWC65YAL6MHK,A2RKUDGK5PQ44X,AK5AFB4VLBCGK,Approved,Approved,Approved,{'Maps & Flags'},"{'Maps & Flags', 'Diagrams'}",{'Maps & Flags'},"{'Maps & Flags', 'Places'}","{'Maps & Flags', 'Places', 'Diagrams', 'STEM'}","{'Maps & Flags', 'Places'}","{'Maps & Flags', 'Places'}"
"Bergmannsheil Häuser 8, 9, 2 und 3.jpg",73097340,https://upload.wikimedia.org/wikipedia/commons/9/92/Bergmannsheil_H%C3%A4user_8%2C_9%2C_2_und_3.jpg,3KI0JD2ZVGTRKFCWOA867QXABUE677,A2HWC65YAL6MHK,A2RKUDGK5PQ44X,AK5AFB4VLBCGK,Approved,Approved,Approved,"{'Architecture', 'Landscapes', 'Places'}",{'Architecture'},"{'Architecture', 'Places'}","{'Architecture', 'Landscapes', 'Places'}","{'Architecture', 'Places'}","{'Architecture', 'Places'}","{'Architecture', 'Places'}"
Comet Lovejoy Visits La Silla.jpg,50880004,https://upload.wikimedia.org/wikipedia/commons/4/4c/Comet_Lovejoy_Visits_La_Silla.jpg,3KI0JD2ZVGTRKFCWOA867QXABUE677,A2HWC65YAL6MHK,A2RKUDGK5PQ44X,AK5AFB4VLBCGK,Approved,Approved,Approved,{'Space'},{'Space'},"{'Art', 'Space', 'Places'}","{'Space', 'STEM'}","{'Space', 'STEM'}","{'Culture', 'STEM', 'Art', 'Space', 'Places'}","{'Space', 'STEM'}"
Yuan dynasty woodblock.jpg,2446885,https://upload.wikimedia.org/wikipedia/commons/6/64/Yuan_dynasty_woodblock.jpg,3KI0JD2ZVGTRKFCWOA867QXABUE677,A2HWC65YAL6MHK,A2RKUDGK5PQ44X,AK5AFB4VLBCGK,Approved,Approved,Approved,{'Literature'},"{'Logos & Symbols', 'History'}",{'Literature'},"{'Literature', 'Culture'}","{'Culture', 'History', 'Logos & Symbols'}","{'Literature', 'Culture'}","{'Literature', 'Culture'}"
Bipalia invasive.png,56311486,https://upload.wikimedia.org/wikipedia/commons/d/df/Bipalia_invasive.png,3KI0JD2ZVGTRKFCWOA867QXABUE677,A2HWC65YAL6MHK,A2RKUDGK5PQ44X,AK5AFB4VLBCGK,Approved,Approved,Approved,{'Plants'},"{'Logos & Symbols', 'Plants'}",{'Art'},"{'Plants', 'STEM', 'Nature'}","{'Logos & Symbols', 'Plants', 'STEM', 'Nature'}","{'Art', 'Culture'}","{'Plants', 'STEM', 'Nature'}"
Bartol Kasic Institutiones linguae Illyricae.jpg,4165786,https://upload.wikimedia.org/wikipedia/commons/0/06/Bartol_Kasic_Institutiones_linguae_Illyricae.jpg,3KI0JD2ZVGTRKFCWOA867QXABUE677,A2HWC65YAL6MHK,A2RKUDGK5PQ44X,AK5AFB4VLBCGK,Approved,Approved,Approved,{'Literature'},"{'Monuments & Memorials', 'Logos & Symbols', 'History', 'Art', 'Architecture'}",{'Literature'},"{'Literature', 'Culture'}","{'Culture', 'Monuments & Memorials', 'Logos & Symbols', 'History', 'Art', 'Architecture', 'Places'}","{'Literature', 'Culture'}","{'Literature', 'Culture'}"
Winckler Chronicle P.jpg,20725518,https://upload.wikimedia.org/wikipedia/commons/a/ac/Winckler_Chronicle_P.jpg,3KI0JD2ZVGTRKFCWOA867QXABUE677,A2HWC65YAL6MHK,A2RKUDGK5PQ44X,AK5AFB4VLBCGK,Approved,Approved,Approved,{'Literature'},"{'Art', 'History', 'Literature'}","{'Maps & Flags', 'Literature'}","{'Literature', 'Culture'}","{'Art', 'Culture', 'History', 'Literature'}","{'Maps & Flags', 'Literature', 'Culture', 'Places'}","{'Literature', 'Culture'}"
India life expectancy.png,53295994,https://upload.wikimedia.org/wikipedia/commons/1/18/India_life_expectancy.png,3LN50BUKQAMY96J3708PWV6S1J9LP1,A6M7YIG6KKHPA,ATKLWAX72HM7A,AZHNR434Q0PCF,Approved,Approved,Approved,{'Diagrams'},{'Diagrams'},{'Diagrams'},"{'Diagrams', 'STEM'}","{'Diagrams', 'STEM'}","{'Diagrams', 'STEM'}","{'Diagrams', 'STEM'}"
Dominican Republic India Locator.png,59976897,https://upload.wikimedia.org/wikipedia/commons/e/ed/Dominican_Republic_India_Locator.png,3LN50BUKQAMY96J3708PWV6S1J9LP1,A6M7YIG6KKHPA,ATKLWAX72HM7A,AZHNR434Q0PCF,Approved,Approved,Approved,{'Maps & Flags'},{'Maps & Flags'},{'Maps & Flags'},"{'Maps & Flags', 'Places'}","{'Maps & Flags', 'Places'}","{'Maps & Flags', 'Places'}","{'Maps & Flags', 'Places'}"
Entonox set.png,6771376,https://upload.wikimedia.org/wikipedia/commons/9/9a/Entonox_set.png,3LN50BUKQAMY96J3708PWV6S1J9LP1,A6M7YIG6KKHPA,ATKLWAX72HM7A,AZHNR434Q0PCF,Approved,Approved,Approved,{'Technology & Engineering'},{'Technology & Engineering'},{'Technology & Engineering'},"{'STEM', 'Technology & Engineering'}","{'STEM', 'Technology & Engineering'}","{'STEM', 'Technology & Engineering'}","{'STEM', 'Technology & Engineering'}"
Referendum in the desert.jpg,14997711,https://upload.wikimedia.org/wikipedia/commons/8/8b/Referendum_in_the_desert.jpg,3LN50BUKQAMY96J3708PWV6S1J9LP1,A6M7YIG6KKHPA,ATKLWAX72HM7A,AZHNR434Q0PCF,Approved,Approved,Approved,"{'Landscapes', 'Places'}",{'None'},"{'Landscapes', 'Places'}","{'Landscapes', 'Places'}",set(),"{'Landscapes', 'Places'}","{'Landscapes', 'Places'}"
"Makars' Court, Sir Walter Scott.jpg",20587408,https://upload.wikimedia.org/wikipedia/commons/0/0f/Makars%27_Court%2C_Sir_Walter_Scott.jpg,3LN50BUKQAMY96J3708PWV6S1J9LP1,A6M7YIG6KKHPA,ATKLWAX72HM7A,AZHNR434Q0PCF,Approved,Approved,Approved,"{'Literature', 'History'}",{'Maps & Flags'},"{'Maps & Flags', 'Literature'}","{'Literature', 'Culture', 'History'}","{'Maps & Flags', 'Places'}","{'Maps & Flags', 'Literature', 'Culture', 'Places'}","{'Maps & Flags', 'Literature', 'Culture', 'Places'}"
"Lars Lerin in Oct, 2014.jpg",36292968,https://upload.wikimedia.org/wikipedia/commons/c/c9/Lars_Lerin_in_Oct%2C_2014.jpg,3LN50BUKQAMY96J3708PWV6S1J9LP1,A6M7YIG6KKHPA,ATKLWAX72HM7A,AZHNR434Q0PCF,Approved,Approved,Approved,{'People'},{'People'},"{'Politics', 'People'}","{'People', 'Society'}","{'People', 'Society'}","{'Politics', 'People', 'Society'}","{'People', 'Society'}"
MoulameinOldWharf.JPG,1617102,https://upload.wikimedia.org/wikipedia/commons/c/c2/MoulameinOldWharf.JPG,3LN50BUKQAMY96J3708PWV6S1J9LP1,A6M7YIG6KKHPA,ATKLWAX72HM7A,AZHNR434Q0PCF,Approved,Approved,Approved,{'Places'},{'Plants'},"{'Landscapes', 'Plants', 'Places'}",{'Places'},"{'Plants', 'STEM', 'Nature'}","{'Landscapes', 'Plants', 'STEM', 'Nature', 'Places'}","{'Plants', 'Places', 'STEM', 'Nature'}"
Malnourished child.jpg,3925039,https://upload.wikimedia.org/wikipedia/commons/7/79/Malnourished_child.jpg,3LN50BUKQAMY96J3708PWV6S1J9LP1,A6M7YIG6KKHPA,ATKLWAX72HM7A,AZHNR434Q0PCF,Approved,Approved,Approved,{'People'},{'People'},{'People'},"{'People', 'Society'}","{'People', 'Society'}","{'People', 'Society'}","{'People', 'Society'}"
1862 Johnson's Map of The Vicinity Of Richmond and Peninsular Campaign in Virginia - Geographicus - Richmond-j-62 Richmond and Petersburg Railroad.jpg,54798341,https://upload.wikimedia.org/wikipedia/commons/4/48/1862_Johnson%27s_Map_of_The_Vicinity_Of_Richmond_and_Peninsular_Campaign_in_Virginia_-_Geographicus_-_Richmond-j-62_Richmond_and_Petersburg_Railroad.jpg,3LN50BUKQAMY96J3708PWV6S1J9LP1,A6M7YIG6KKHPA,ATKLWAX72HM7A,AZHNR434Q0PCF,Approved,Approved,Approved,{'Maps & Flags'},{'Maps & Flags'},{'Maps & Flags'},"{'Maps & Flags', 'Places'}","{'Maps & Flags', 'Places'}","{'Maps & Flags', 'Places'}","{'Maps & Flags', 'Places'}"
Destruction of the tutans dockyard.jpg,89032332,https://upload.wikimedia.org/wikipedia/commons/7/76/Destruction_of_the_tutans_dockyard.jpg,3LN50BUKQAMY96J3708PWV6S1J9LP1,A6M7YIG6KKHPA,ATKLWAX72HM7A,AZHNR434Q0PCF,Approved,Approved,Approved,"{'Art', 'History'}",{'Art'},"{'Art', 'History'}","{'Art', 'Culture', 'History'}","{'Art', 'Culture'}","{'Art', 'Culture', 'History'}","{'Art', 'Culture', 'History'}"
Arte di ben cucinare.jpg,22527118,https://upload.wikimedia.org/wikipedia/commons/8/82/Arte_di_ben_cucinare.jpg,3NBFJK3IPWT02ET1H9YUU3WUVXROGH,A1JG342PWI2PTC,A3PRQ2GSU42718,A80XRGJXN2D22,Approved,Approved,Approved,"{'Literature', 'History'}",{'Literature'},"{'Literature', 'Logos & Symbols'}","{'Literature', 'Culture', 'History'}","{'Literature', 'Culture'}","{'Literature', 'Culture', 'Logos & Symbols'}","{'Literature', 'Culture'}"
"Electrical machine designed by John Wesley, 18th c. Wellcome L0003006.jpg",35864593,https://upload.wikimedia.org/wikipedia/commons/9/9e/Electrical_machine_designed_by_John_Wesley%2C_18th_c._Wellcome_L0003006.jpg,3NBFJK3IPWT02ET1H9YUU3WUVXROGH,A1JG342PWI2PTC,A3PRQ2GSU42718,A80XRGJXN2D22,Approved,Approved,Approved,"{'History', 'Technology & Engineering'}",{'Technology & Engineering'},{'Technology & Engineering'},"{'STEM', 'Culture', 'History', 'Technology & Engineering'}","{'STEM', 'Technology & Engineering'}","{'STEM', 'Technology & Engineering'}","{'STEM', 'Technology & Engineering'}"
Kurdish YPG Fighters (15943141741).jpg,48736290,https://upload.wikimedia.org/wikipedia/commons/3/3e/Kurdish_YPG_Fighters_%2815943141741%29.jpg,3NBFJK3IPWT02ET1H9YUU3WUVXROGH,A1JG342PWI2PTC,A3PRQ2GSU42718,A80XRGJXN2D22,Approved,Approved,Approved,{'Events'},"{'Politics', 'None'}",{'People'},"{'Society', 'Events'}","{'Politics', 'Society'}","{'People', 'Society'}",{'Society'}
Scarborough-Guildwood MPP Mitzie Hunter - 2016 (28687660101) (cropped).jpg,62516989,https://upload.wikimedia.org/wikipedia/commons/6/6c/Scarborough-Guildwood_MPP_Mitzie_Hunter_-_2016_%2828687660101%29_%28cropped%29.jpg,3NBFJK3IPWT02ET1H9YUU3WUVXROGH,A1JG342PWI2PTC,A3PRQ2GSU42718,A80XRGJXN2D22,Approved,Approved,Approved,"{'Politics', 'People'}",{'People'},{'People'},"{'Politics', 'People', 'Society'}","{'People', 'Society'}","{'People', 'Society'}","{'People', 'Society'}"
Triptico Mariano 2.jpg,9732859,https://upload.wikimedia.org/wikipedia/commons/9/97/Triptico_Mariano_2.jpg,3NBFJK3IPWT02ET1H9YUU3WUVXROGH,A1JG342PWI2PTC,A3PRQ2GSU42718,A80XRGJXN2D22,Approved,Approved,Approved,"{'Literature', 'History'}",{'Literature'},{'Literature'},"{'Literature', 'Culture', 'History'}","{'Literature', 'Culture'}","{'Literature', 'Culture'}","{'Literature', 'Culture'}"
Clindamycin**.jpg,83908207,https://upload.wikimedia.org/wikipedia/commons/1/12/Clindamycin%2A%2A.jpg,3NBFJK3IPWT02ET1H9YUU3WUVXROGH,A1JG342PWI2PTC,A3PRQ2GSU42718,A80XRGJXN2D22,Approved,Approved,Approved,"{'Chemistry', 'Medicine & Health'}",{'Medicine & Health'},{'Medicine & Health'},"{'Chemistry', 'STEM', 'Medicine & Health'}","{'STEM', 'Medicine & Health'}","{'STEM', 'Medicine & Health'}","{'STEM', 'Medicine & Health'}"
Mollyblues.jpg,4285353,https://upload.wikimedia.org/wikipedia/commons/f/f1/Mollyblues.jpg,3NBFJK3IPWT02ET1H9YUU3WUVXROGH,A1JG342PWI2PTC,A3PRQ2GSU42718,A80XRGJXN2D22,Approved,Approved,Approved,{'Animals'},{'Animals'},{'Animals'},"{'STEM', 'Nature', 'Animals'}","{'STEM', 'Nature', 'Animals'}","{'STEM', 'Nature', 'Animals'}","{'STEM', 'Nature', 'Animals'}"
Amano2.jpg,4365745,https://upload.wikimedia.org/wikipedia/commons/4/46/Amano2.jpg,3NBFJK3IPWT02ET1H9YUU3WUVXROGH,A1JG342PWI2PTC,A3PRQ2GSU42718,A80XRGJXN2D22,Approved,Approved,Approved,"{'None', 'Animals'}","{'Plants', 'Animals'}",{'Animals'},"{'STEM', 'Nature', 'Animals'}","{'Plants', 'STEM', 'Nature', 'Animals'}","{'STEM', 'Nature', 'Animals'}","{'STEM', 'Nature', 'Animals'}"
Olaus Magnus - On Rocks Decorated with Helmets.jpg,4683606,https://upload.wikimedia.org/wikipedia/commons/7/7e/Olaus_Magnus_-_On_Rocks_Decorated_with_Helmets.jpg,3NBFJK3IPWT02ET1H9YUU3WUVXROGH,A1JG342PWI2PTC,A3PRQ2GSU42718,A80XRGJXN2D22,Approved,Approved,Approved,"{'Maps & Flags', 'Art', 'History'}","{'Art', 'Animals'}",{'Diagrams'},"{'Culture', 'Maps & Flags', 'History', 'Art', 'Places'}","{'Culture', 'Animals', 'STEM', 'Art', 'Nature'}","{'Diagrams', 'STEM'}","{'Art', 'Culture', 'STEM'}"
Women's health icon.svg,40576317,https://upload.wikimedia.org/wikipedia/commons/4/49/Women%27s_health_icon.svg,3NBFJK3IPWT02ET1H9YUU3WUVXROGH,A1JG342PWI2PTC,A3PRQ2GSU42718,A80XRGJXN2D22,Approved,Approved,Approved,{'Logos & Symbols'},"{'Logos & Symbols', 'Medicine & Health'}",{'Logos & Symbols'},{'Logos & Symbols'},"{'Logos & Symbols', 'STEM', 'Medicine & Health'}",{'Logos & Symbols'},{'Logos & Symbols'}
"Rene Bull (Arabian Nights, 1912).jpg",6315221,https://upload.wikimedia.org/wikipedia/commons/b/b5/Rene_Bull_%28Arabian_Nights%2C_1912%29.jpg,3O4VWC1GFBHL7RQG6HZ53DQZSYCJ3L,A23GMTE06W7ASR,A2C84POENS2UNY,AZHNR434Q0PCF,Approved,Approved,Approved,{'Transportation'},"{'Art', 'History'}","{'Art', 'History'}","{'Transportation', 'Society'}","{'Art', 'Culture', 'History'}","{'Art', 'Culture', 'History'}","{'Art', 'Culture', 'History'}"
"Rashida Tlaib, official portrait, 116th Congress.jpg",76701626,https://upload.wikimedia.org/wikipedia/commons/0/08/Rashida_Tlaib%2C_official_portrait%2C_116th_Congress.jpg,3O4VWC1GFBHL7RQG6HZ53DQZSYCJ3L,A23GMTE06W7ASR,A2C84POENS2UNY,AZHNR434Q0PCF,Approved,Approved,Approved,{'People'},{'People'},"{'Politics', 'People'}","{'People', 'Society'}","{'People', 'Society'}","{'Politics', 'People', 'Society'}","{'People', 'Society'}"
Bucket toilet with two buckets.jpg,44310307,https://upload.wikimedia.org/wikipedia/commons/1/1d/Bucket_toilet_with_two_buckets.jpg,3O4VWC1GFBHL7RQG6HZ53DQZSYCJ3L,A23GMTE06W7ASR,A2C84POENS2UNY,AZHNR434Q0PCF,Approved,Approved,Approved,{'Food'},{'None'},{'None'},"{'Culture', 'Food'}",set(),set(),set()
"Embassy of Hungary in The Hague, The Netherlands.jpg",2297857,https://upload.wikimedia.org/wikipedia/commons/b/b2/Embassy_of_Hungary_in_The_Hague%2C_The_Netherlands.jpg,3O4VWC1GFBHL7RQG6HZ53DQZSYCJ3L,A23GMTE06W7ASR,A2C84POENS2UNY,AZHNR434Q0PCF,Approved,Approved,Approved,{'Technology & Engineering'},{'Architecture'},"{'Landscapes', 'Plants'}","{'STEM', 'Technology & Engineering'}","{'Architecture', 'Places'}","{'Landscapes', 'Plants', 'STEM', 'Nature', 'Places'}","{'Places', 'STEM'}"
Danilo Turk with Obamas.jpg,7966673,https://upload.wikimedia.org/wikipedia/commons/0/0a/Danilo_Turk_with_Obamas.jpg,3O4VWC1GFBHL7RQG6HZ53DQZSYCJ3L,A23GMTE06W7ASR,A2C84POENS2UNY,AZHNR434Q0PCF,Approved,Approved,Approved,{'People'},{'People'},"{'Politics', 'People'}","{'People', 'Society'}","{'People', 'Society'}","{'Politics', 'People', 'Society'}","{'People', 'Society'}"
Williamson's Bridge.jpg,27481622,https://upload.wikimedia.org/wikipedia/commons/7/7e/Williamson%27s_Bridge.jpg,3O4VWC1GFBHL7RQG6HZ53DQZSYCJ3L,A23GMTE06W7ASR,A2C84POENS2UNY,AZHNR434Q0PCF,Approved,Approved,Approved,{'People'},"{'Architecture', 'Places'}","{'Landscapes', 'Plants'}","{'People', 'Society'}","{'Architecture', 'Places'}","{'Landscapes', 'Plants', 'STEM', 'Nature', 'Places'}",{'Places'}
Processes in the thermal degredation of organic matter.svg,76251034,https://upload.wikimedia.org/wikipedia/commons/8/81/Processes_in_the_thermal_degredation_of_organic_matter.svg,3O4VWC1GFBHL7RQG6HZ53DQZSYCJ3L,A23GMTE06W7ASR,A2C84POENS2UNY,AZHNR434Q0PCF,Approved,Approved,Approved,{'Geology & Fossils'},"{'Chemistry', 'Diagrams'}",{'Diagrams'},"{'Geology & Fossils', 'STEM'}","{'Diagrams', 'Chemistry', 'STEM'}","{'Diagrams', 'STEM'}","{'Diagrams', 'STEM'}"
New Melones spillway construction.jpg,56381753,https://upload.wikimedia.org/wikipedia/commons/5/58/New_Melones_spillway_construction.jpg,3O4VWC1GFBHL7RQG6HZ53DQZSYCJ3L,A23GMTE06W7ASR,A2C84POENS2UNY,AZHNR434Q0PCF,Approved,Approved,Approved,{'Architecture'},{'Maps & Flags'},"{'Landscapes', 'History'}","{'Architecture', 'Places'}","{'Maps & Flags', 'Places'}","{'Landscapes', 'Culture', 'Places', 'History'}",{'Places'}
A few moments more.jpg,3630886,https://upload.wikimedia.org/wikipedia/commons/0/02/A_few_moments_more.jpg,3O4VWC1GFBHL7RQG6HZ53DQZSYCJ3L,A23GMTE06W7ASR,A2C84POENS2UNY,AZHNR434Q0PCF,Approved,Approved,Approved,{'Medicine & Health'},{'People'},"{'People', 'Medicine & Health'}","{'STEM', 'Medicine & Health'}","{'People', 'Society'}","{'People', 'Society', 'STEM', 'Medicine & Health'}","{'People', 'Society', 'STEM', 'Medicine & Health'}"
Ludovico Corrao.jpg,67316468,https://upload.wikimedia.org/wikipedia/commons/2/26/Ludovico_Corrao.jpg,3O4VWC1GFBHL7RQG6HZ53DQZSYCJ3L,A23GMTE06W7ASR,A2C84POENS2UNY,AZHNR434Q0PCF,Approved,Approved,Approved,{'People'},{'People'},{'People'},"{'People', 'Society'}","{'People', 'Society'}","{'People', 'Society'}","{'People', 'Society'}"
Bugbuster.jpg,2972387,https://upload.wikimedia.org/wikipedia/commons/d/d0/Bugbuster.jpg,3QHITW7OZ3K2DZTEAMYONMGRC3WAQZ,A2R99OKTW7QVER,A3N9SKYHZCN4TR,AZHNR434Q0PCF,Approved,Approved,Approved,{'People'},{'Medicine & Health'},{'Medicine & Health'},"{'People', 'Society'}","{'STEM', 'Medicine & Health'}","{'STEM', 'Medicine & Health'}","{'STEM', 'Medicine & Health'}"
Gebitswissel.jpg,425099,https://upload.wikimedia.org/wikipedia/commons/d/db/Gebitswissel.jpg,3QHITW7OZ3K2DZTEAMYONMGRC3WAQZ,A2R99OKTW7QVER,A3N9SKYHZCN4TR,AZHNR434Q0PCF,Approved,Approved,Approved,{'Medicine & Health'},"{'People', 'Medicine & Health'}",{'People'},"{'STEM', 'Medicine & Health'}","{'People', 'Society', 'STEM', 'Medicine & Health'}","{'People', 'Society'}","{'People', 'Society', 'STEM', 'Medicine & Health'}"
HAZMAT Class 4-2 Spontaneously Combustible Solid.png,4583802,https://upload.wikimedia.org/wikipedia/commons/a/a3/HAZMAT_Class_4-2_Spontaneously_Combustible_Solid.png,3QHITW7OZ3K2DZTEAMYONMGRC3WAQZ,A2R99OKTW7QVER,A3N9SKYHZCN4TR,AZHNR434Q0PCF,Approved,Approved,Approved,{'Logos & Symbols'},{'Logos & Symbols'},{'Logos & Symbols'},{'Logos & Symbols'},{'Logos & Symbols'},{'Logos & Symbols'},{'Logos & Symbols'}
South Africa-Hartebeespoort dam01.jpg,2871234,https://upload.wikimedia.org/wikipedia/commons/e/e6/South_Africa-Hartebeespoort_dam01.jpg,3QHITW7OZ3K2DZTEAMYONMGRC3WAQZ,A2R99OKTW7QVER,A3N9SKYHZCN4TR,AZHNR434Q0PCF,Approved,Approved,Approved,{'Places'},"{'Architecture', 'Landscapes', 'History'}","{'Architecture', 'Plants'}",{'Places'},"{'Landscapes', 'Culture', 'History', 'Architecture', 'Places'}","{'Plants', 'STEM', 'Nature', 'Architecture', 'Places'}","{'Architecture', 'Places'}"
"Stevan Kragujevic, Mihajlo Lalic, knjizevnik.jpg",66893388,https://upload.wikimedia.org/wikipedia/commons/e/e6/Stevan_Kragujevic%2C_Mihajlo_Lalic%2C_knjizevnik.jpg,3QHITW7OZ3K2DZTEAMYONMGRC3WAQZ,A2R99OKTW7QVER,A3N9SKYHZCN4TR,AZHNR434Q0PCF,Approved,Approved,Approved,{'People'},"{'Politics', 'People', 'History'}","{'Art', 'People', 'History'}","{'People', 'Society'}","{'People', 'Culture', 'Society', 'Politics', 'History'}","{'People', 'Culture', 'Society', 'History', 'Art'}","{'People', 'Culture', 'Society', 'History'}"
Donald Trump and Malcolm Turnbull 2017.jpg,61079675,https://upload.wikimedia.org/wikipedia/commons/2/22/Donald_Trump_and_Malcolm_Turnbull_2017.jpg,3QHITW7OZ3K2DZTEAMYONMGRC3WAQZ,A2R99OKTW7QVER,A3N9SKYHZCN4TR,AZHNR434Q0PCF,Approved,Approved,Approved,{'People'},"{'Politics', 'People'}","{'Politics', 'People'}","{'People', 'Society'}","{'Politics', 'People', 'Society'}","{'Politics', 'People', 'Society'}","{'Politics', 'People', 'Society'}"
Seashell Chilodonta suduirauti.jpg,71911920,https://upload.wikimedia.org/wikipedia/commons/e/e8/Seashell_Chilodonta_suduirauti.jpg,3QHITW7OZ3K2DZTEAMYONMGRC3WAQZ,A2R99OKTW7QVER,A3N9SKYHZCN4TR,AZHNR434Q0PCF,Approved,Approved,Approved,{'Art'},{'Animals'},{'Animals'},"{'Art', 'Culture'}","{'STEM', 'Nature', 'Animals'}","{'STEM', 'Nature', 'Animals'}","{'STEM', 'Nature', 'Animals'}"
HAZMAT Class 3 Flammable Liquids.png,4583754,https://upload.wikimedia.org/wikipedia/commons/7/7b/HAZMAT_Class_3_Flammable_Liquids.png,3QHITW7OZ3K2DZTEAMYONMGRC3WAQZ,A2R99OKTW7QVER,A3N9SKYHZCN4TR,AZHNR434Q0PCF,Approved,Approved,Approved,{'Logos & Symbols'},{'Logos & Symbols'},{'Logos & Symbols'},{'Logos & Symbols'},{'Logos & Symbols'},{'Logos & Symbols'},{'Logos & Symbols'}
Cold test with ethyl chloride.jpg,30563907,https://upload.wikimedia.org/wikipedia/commons/8/82/Cold_test_with_ethyl_chloride.jpg,3QHITW7OZ3K2DZTEAMYONMGRC3WAQZ,A2R99OKTW7QVER,A3N9SKYHZCN4TR,AZHNR434Q0PCF,Approved,Approved,Approved,{'Medicine & Health'},{'Medicine & Health'},{'Medicine & Health'},"{'STEM', 'Medicine & Health'}","{'STEM', 'Medicine & Health'}","{'STEM', 'Medicine & Health'}","{'STEM', 'Medicine & Health'}"
Mott street fire escapes.jpg,4919174,https://upload.wikimedia.org/wikipedia/commons/c/cf/Mott_street_fire_escapes.jpg,3QHITW7OZ3K2DZTEAMYONMGRC3WAQZ,A2R99OKTW7QVER,A3N9SKYHZCN4TR,AZHNR434Q0PCF,Approved,Approved,Approved,{'Places'},{'Architecture'},{'Architecture'},{'Places'},"{'Architecture', 'Places'}","{'Architecture', 'Places'}","{'Architecture', 'Places'}"
Under-five Mortality Rate.png,35206753,https://upload.wikimedia.org/wikipedia/commons/9/9c/Under-five_Mortality_Rate.png,3RSBJ6YZFR1UOEX66PSCCIWIUIROFI,A143XRCI1YXAFE,A2RKUDGK5PQ44X,AZHNR434Q0PCF,Approved,Approved,Approved,{'Diagrams'},{'Diagrams'},{'Diagrams'},"{'Diagrams', 'STEM'}","{'Diagrams', 'STEM'}","{'Diagrams', 'STEM'}","{'Diagrams', 'STEM'}"
Microscopy of intratumoral morphological heterogeneity in invasive breast carcinoma.jpg,73888368,https://upload.wikimedia.org/wikipedia/commons/1/16/Microscopy_of_intratumoral_morphological_heterogeneity_in_invasive_breast_carcinoma.jpg,3RSBJ6YZFR1UOEX66PSCCIWIUIROFI,A143XRCI1YXAFE,A2RKUDGK5PQ44X,AZHNR434Q0PCF,Approved,Approved,Approved,"{'Medicine & Health', 'Technology & Engineering'}","{'Diagrams', 'Medicine & Health'}",{'Maps & Flags'},"{'STEM', 'Medicine & Health', 'Technology & Engineering'}","{'Diagrams', 'Medicine & Health', 'STEM'}","{'Maps & Flags', 'Places'}","{'STEM', 'Medicine & Health'}"
Erdnussaspiration 3j - Roe pa - 001.jpg,54927181,https://upload.wikimedia.org/wikipedia/commons/a/ad/Erdnussaspiration_3j_-_Roe_pa_-_001.jpg,3RSBJ6YZFR1UOEX66PSCCIWIUIROFI,A143XRCI1YXAFE,A2RKUDGK5PQ44X,AZHNR434Q0PCF,Approved,Approved,Approved,{'Medicine & Health'},"{'Diagrams', 'Medicine & Health'}",{'Medicine & Health'},"{'STEM', 'Medicine & Health'}","{'Diagrams', 'Medicine & Health', 'STEM'}","{'STEM', 'Medicine & Health'}","{'STEM', 'Medicine & Health'}"
Nephi L Morris.jpg,23263719,https://upload.wikimedia.org/wikipedia/commons/f/f4/Nephi_L_Morris.jpg,3RSBJ6YZFR1UOEX66PSCCIWIUIROFI,A143XRCI1YXAFE,A2RKUDGK5PQ44X,AZHNR434Q0PCF,Approved,Approved,Approved,"{'People', 'History'}","{'Art', 'People', 'History'}","{'Art', 'People', 'History'}","{'People', 'Culture', 'Society', 'History'}","{'People', 'Culture', 'Society', 'History', 'Art'}","{'People', 'Culture', 'Society', 'History', 'Art'}","{'People', 'Culture', 'Society', 'History', 'Art'}"
John Gower archer Vox Clamantis.jpg,75940295,https://upload.wikimedia.org/wikipedia/commons/f/f2/John_Gower_archer_Vox_Clamantis.jpg,3RSBJ6YZFR1UOEX66PSCCIWIUIROFI,A143XRCI1YXAFE,A2RKUDGK5PQ44X,AZHNR434Q0PCF,Approved,Approved,Approved,{'Literature'},"{'People', 'Space'}","{'Art', 'Literature'}","{'Literature', 'Culture'}","{'People', 'Space', 'Society', 'STEM'}","{'Art', 'Culture', 'Literature'}","{'Literature', 'Culture'}"
Egidio Ariosto.jpg,55706605,https://upload.wikimedia.org/wikipedia/commons/b/b5/Egidio_Ariosto.jpg,3RSBJ6YZFR1UOEX66PSCCIWIUIROFI,A143XRCI1YXAFE,A2RKUDGK5PQ44X,AZHNR434Q0PCF,Approved,Approved,Approved,{'People'},{'People'},"{'Politics', 'People'}","{'People', 'Society'}","{'People', 'Society'}","{'Politics', 'People', 'Society'}","{'People', 'Society'}"
Milos-Slovak Thymolin 127x189.jpg,50743991,https://upload.wikimedia.org/wikipedia/commons/8/80/Milos-Slovak_Thymolin_127x189.jpg,3RSBJ6YZFR1UOEX66PSCCIWIUIROFI,A143XRCI1YXAFE,A2RKUDGK5PQ44X,AZHNR434Q0PCF,Approved,Approved,Approved,"{'Art', 'History'}","{'People', 'Medicine & Health'}",{'Art'},"{'Art', 'Culture', 'History'}","{'People', 'Society', 'STEM', 'Medicine & Health'}","{'Art', 'Culture'}","{'Art', 'Culture'}"
Flabellina salmonacea 001.jpg,12726579,https://upload.wikimedia.org/wikipedia/commons/c/c3/Flabellina_salmonacea_001.jpg,3RSBJ6YZFR1UOEX66PSCCIWIUIROFI,A143XRCI1YXAFE,A2RKUDGK5PQ44X,AZHNR434Q0PCF,Approved,Approved,Approved,{'Geology & Fossils'},{'Animals'},"{'Plants', 'Animals'}","{'Geology & Fossils', 'STEM'}","{'STEM', 'Nature', 'Animals'}","{'Plants', 'STEM', 'Nature', 'Animals'}","{'STEM', 'Nature', 'Animals'}"
Bathyliotina lamellosa 001.jpg,27874746,https://upload.wikimedia.org/wikipedia/commons/b/bd/Bathyliotina_lamellosa_001.jpg,3RSBJ6YZFR1UOEX66PSCCIWIUIROFI,A143XRCI1YXAFE,A2RKUDGK5PQ44X,AZHNR434Q0PCF,Approved,Approved,Approved,{'Geology & Fossils'},"{'Geology & Fossils', 'History', 'Animals'}","{'Art', 'Animals'}","{'Geology & Fossils', 'STEM'}","{'Culture', 'Animals', 'Geology & Fossils', 'History', 'STEM', 'Nature'}","{'Culture', 'Animals', 'STEM', 'Art', 'Nature'}","{'Culture', 'Animals', 'Geology & Fossils', 'STEM', 'Nature'}"
Shulabh Sutra.jpg,49835812,https://upload.wikimedia.org/wikipedia/commons/4/40/Shulabh_Sutra.jpg,3RSBJ6YZFR1UOEX66PSCCIWIUIROFI,A143XRCI1YXAFE,A2RKUDGK5PQ44X,AZHNR434Q0PCF,Approved,Approved,Approved,{'Diagrams'},{'Mathematics'},"{'Mathematics', 'Diagrams'}","{'Diagrams', 'STEM'}","{'Mathematics', 'STEM'}","{'Mathematics', 'Diagrams', 'STEM'}","{'Mathematics', 'Diagrams', 'STEM'}"
Captain james king.jpg,16701010,https://upload.wikimedia.org/wikipedia/commons/0/00/Captain_james_king.jpg,3RWB1RTQEYY3UZZKDBZLRQKMHJA8P2,AK5AFB4VLBCGK,AVQGY7FCU80XP,AZHNR434Q0PCF,Approved,Submitted,Approved,{'People'},"{'Politics', 'Art', 'People', 'History'}","{'Art', 'People', 'History'}","{'People', 'Society'}","{'People', 'Culture', 'Society', 'Politics', 'History', 'Art'}","{'People', 'Culture', 'Society', 'History', 'Art'}","{'People', 'Culture', 'Society', 'History', 'Art'}"
Halgerda carlsoni.jpg,4233367,https://upload.wikimedia.org/wikipedia/commons/4/40/Halgerda_carlsoni.jpg,3RWB1RTQEYY3UZZKDBZLRQKMHJA8P2,AK5AFB4VLBCGK,AVQGY7FCU80XP,AZHNR434Q0PCF,Approved,Submitted,Approved,{'Art'},{'Animals'},{'Animals'},"{'Art', 'Culture'}","{'STEM', 'Nature', 'Animals'}","{'STEM', 'Nature', 'Animals'}","{'STEM', 'Nature', 'Animals'}"
Mickey Mehta.jpg,31125904,https://upload.wikimedia.org/wikipedia/commons/b/ba/Mickey_Mehta.jpg,3RWB1RTQEYY3UZZKDBZLRQKMHJA8P2,AK5AFB4VLBCGK,AVQGY7FCU80XP,AZHNR434Q0PCF,Approved,Submitted,Approved,{'People'},"{'People', 'Logos & Symbols', 'Places'}","{'People', 'Places'}","{'People', 'Society'}","{'People', 'Logos & Symbols', 'Society', 'Places'}","{'People', 'Society', 'Places'}","{'People', 'Society', 'Places'}"
Trillium Health Centre West Toronto.jpg,4369676,https://upload.wikimedia.org/wikipedia/commons/1/19/Trillium_Health_Centre_West_Toronto.jpg,3RWB1RTQEYY3UZZKDBZLRQKMHJA8P2,AK5AFB4VLBCGK,AVQGY7FCU80XP,AZHNR434Q0PCF,Approved,Submitted,Approved,{'Architecture'},"{'Architecture', 'Landscapes', 'Technology & Engineering'}","{'Architecture', 'Transportation', 'Plants', 'Places'}","{'Architecture', 'Places'}","{'Landscapes', 'STEM', 'Technology & Engineering', 'Architecture', 'Places'}","{'Society', 'Transportation', 'Plants', 'STEM', 'Nature', 'Architecture', 'Places'}","{'Architecture', 'Places', 'STEM'}"
Nudibranch - Chromodoris mandapamensis 2.jpg,16018081,https://upload.wikimedia.org/wikipedia/commons/a/a9/Nudibranch_-_Chromodoris_mandapamensis_2.jpg,3RWB1RTQEYY3UZZKDBZLRQKMHJA8P2,AK5AFB4VLBCGK,AVQGY7FCU80XP,AZHNR434Q0PCF,Approved,Submitted,Approved,{'Art'},{'Animals'},{'Animals'},"{'Art', 'Culture'}","{'STEM', 'Nature', 'Animals'}","{'STEM', 'Nature', 'Animals'}","{'STEM', 'Nature', 'Animals'}"
Lobular carcinoma in situ.jpg,10851394,https://upload.wikimedia.org/wikipedia/commons/1/1a/Lobular_carcinoma_in_situ.jpg,3RWB1RTQEYY3UZZKDBZLRQKMHJA8P2,AK5AFB4VLBCGK,AVQGY7FCU80XP,AZHNR434Q0PCF,Approved,Submitted,Approved,{'Art'},"{'People', 'Medicine & Health', 'Animals'}",{'Chemistry'},"{'Art', 'Culture'}","{'People', 'Society', 'Animals', 'STEM', 'Medicine & Health', 'Nature'}","{'Chemistry', 'STEM'}",{'STEM'}
Public handwashing station in Chapel Hill.jpg,93369758,https://upload.wikimedia.org/wikipedia/commons/1/1a/Public_handwashing_station_in_Chapel_Hill.jpg,3RWB1RTQEYY3UZZKDBZLRQKMHJA8P2,AK5AFB4VLBCGK,AVQGY7FCU80XP,AZHNR434Q0PCF,Approved,Submitted,Approved,{'Architecture'},"{'Architecture', 'Places'}","{'Architecture', 'Places'}","{'Architecture', 'Places'}","{'Architecture', 'Places'}","{'Architecture', 'Places'}","{'Architecture', 'Places'}"
MuzeumhracekIstanbul prezidentiusa figurky.JPG,23696319,https://upload.wikimedia.org/wikipedia/commons/2/29/MuzeumhracekIstanbul_prezidentiusa_figurky.JPG,3RWB1RTQEYY3UZZKDBZLRQKMHJA8P2,AK5AFB4VLBCGK,AVQGY7FCU80XP,AZHNR434Q0PCF,Approved,Submitted,Approved,{'Music'},"{'Politics', 'People'}","{'People', 'Events'}","{'Music', 'Culture'}","{'Politics', 'People', 'Society'}","{'Society', 'Events', 'People'}","{'People', 'Society'}"
Montpelier Indiana DM Spaulding Building.jpg,15551927,https://upload.wikimedia.org/wikipedia/commons/5/56/Montpelier_Indiana_DM_Spaulding_Building.jpg,3RWB1RTQEYY3UZZKDBZLRQKMHJA8P2,AK5AFB4VLBCGK,AVQGY7FCU80XP,AZHNR434Q0PCF,Approved,Submitted,Approved,{'Architecture'},"{'Architecture', 'Places'}",{'Architecture'},"{'Architecture', 'Places'}","{'Architecture', 'Places'}","{'Architecture', 'Places'}","{'Architecture', 'Places'}"
Illustration of Aladdin Flying Away with Two People from the Arabian Nights.jpg,19161183,https://upload.wikimedia.org/wikipedia/commons/3/3b/Illustration_of_Aladdin_Flying_Away_with_Two_People_from_the_Arabian_Nights.jpg,3RWB1RTQEYY3UZZKDBZLRQKMHJA8P2,AK5AFB4VLBCGK,AVQGY7FCU80XP,AZHNR434Q0PCF,Approved,Submitted,Approved,{'Art'},{'Art'},"{'Art', 'History'}","{'Art', 'Culture'}","{'Art', 'Culture'}","{'Art', 'Culture', 'History'}","{'Art', 'Culture'}"
Initialen.jpg,21605,https://upload.wikimedia.org/wikipedia/commons/0/0d/Initialen.jpg,3X7837UUBS9K4ADYPJX3AG2J2PEJ6R,A2YO837C0O1E91,A3BU8UL4W258UU,AZHNR434Q0PCF,Approved,Approved,Approved,{'None'},{'Literature'},{'Literature'},set(),"{'Literature', 'Culture'}","{'Literature', 'Culture'}","{'Literature', 'Culture'}"
StressEnergyTensor.svg,3430222,https://upload.wikimedia.org/wikipedia/commons/3/37/StressEnergyTensor.svg,3X7837UUBS9K4ADYPJX3AG2J2PEJ6R,A2YO837C0O1E91,A3BU8UL4W258UU,AZHNR434Q0PCF,Approved,Approved,Approved,{'Mathematics'},{'Technology & Engineering'},"{'Mathematics', 'Chemistry', 'Diagrams'}","{'Mathematics', 'STEM'}","{'STEM', 'Technology & Engineering'}","{'Mathematics', 'Diagrams', 'Chemistry', 'STEM'}","{'Mathematics', 'STEM'}"
HadjiJoakim.jpg,1113107,https://upload.wikimedia.org/wikipedia/commons/c/c2/HadjiJoakim.jpg,3X7837UUBS9K4ADYPJX3AG2J2PEJ6R,A2YO837C0O1E91,A3BU8UL4W258UU,AZHNR434Q0PCF,Approved,Approved,Approved,{'None'},{'Literature'},{'Literature'},set(),"{'Literature', 'Culture'}","{'Literature', 'Culture'}","{'Literature', 'Culture'}"
Not Gabriel Pairs.svg,42844094,https://upload.wikimedia.org/wikipedia/commons/d/db/Not_Gabriel_Pairs.svg,3X7837UUBS9K4ADYPJX3AG2J2PEJ6R,A2YO837C0O1E91,A3BU8UL4W258UU,AZHNR434Q0PCF,Approved,Approved,Approved,{'Diagrams'},{'Mathematics'},{'Mathematics'},"{'Diagrams', 'STEM'}","{'Mathematics', 'STEM'}","{'Mathematics', 'STEM'}","{'Mathematics', 'STEM'}"
Mary Borden Rágalom.png,78416044,https://upload.wikimedia.org/wikipedia/commons/b/bb/Mary_Borden_R%C3%A1galom.png,3X7837UUBS9K4ADYPJX3AG2J2PEJ6R,A2YO837C0O1E91,A3BU8UL4W258UU,AZHNR434Q0PCF,Approved,Approved,Approved,{'None'},{'Logos & Symbols'},{'Literature'},set(),{'Logos & Symbols'},"{'Literature', 'Culture'}",set()
MarlboroStangeDeutsch1.JPG,4200361,https://upload.wikimedia.org/wikipedia/commons/d/d4/MarlboroStangeDeutsch1.JPG,3X7837UUBS9K4ADYPJX3AG2J2PEJ6R,A2YO837C0O1E91,A3BU8UL4W258UU,AZHNR434Q0PCF,Approved,Approved,Approved,{'None'},{'None'},{'Logos & Symbols'},set(),set(),{'Logos & Symbols'},set()
Platform of Deto station.JPG,6423189,https://upload.wikimedia.org/wikipedia/commons/8/8a/Platform_of_Deto_station.JPG,3X7837UUBS9K4ADYPJX3AG2J2PEJ6R,A2YO837C0O1E91,A3BU8UL4W258UU,AZHNR434Q0PCF,Approved,Approved,Approved,{'Places'},{'Transportation'},"{'Architecture', 'Transportation', 'Places'}",{'Places'},"{'Transportation', 'Society'}","{'Architecture', 'Transportation', 'Society', 'Places'}","{'Transportation', 'Society', 'Places'}"
Horizontal impacted wisdom tooth 2.png,31277126,https://upload.wikimedia.org/wikipedia/commons/c/c8/Horizontal_impacted_wisdom_tooth_2.png,3X7837UUBS9K4ADYPJX3AG2J2PEJ6R,A2YO837C0O1E91,A3BU8UL4W258UU,AZHNR434Q0PCF,Approved,Approved,Approved,{'None'},{'Medicine & Health'},{'Medicine & Health'},set(),"{'STEM', 'Medicine & Health'}","{'STEM', 'Medicine & Health'}","{'STEM', 'Medicine & Health'}"
"The Poppy Factory's headquarters in Richmond, London.jpg",51876344,https://upload.wikimedia.org/wikipedia/commons/b/b5/The_Poppy_Factory%27s_headquarters_in_Richmond%2C_London.jpg,3X7837UUBS9K4ADYPJX3AG2J2PEJ6R,A2YO837C0O1E91,A3BU8UL4W258UU,AZHNR434Q0PCF,Approved,Approved,Approved,{'Architecture'},{'Architecture'},{'Architecture'},"{'Architecture', 'Places'}","{'Architecture', 'Places'}","{'Architecture', 'Places'}","{'Architecture', 'Places'}"
Letter from the People's Mujahedin of Iran to the Communist Party of the Soviet Union.jpg,72721252,https://upload.wikimedia.org/wikipedia/commons/f/f9/Letter_from_the_People%27s_Mujahedin_of_Iran_to_the_Communist_Party_of_the_Soviet_Union.jpg,3X7837UUBS9K4ADYPJX3AG2J2PEJ6R,A2YO837C0O1E91,A3BU8UL4W258UU,AZHNR434Q0PCF,Approved,Approved,Approved,{'None'},{'Literature'},{'Literature'},set(),"{'Literature', 'Culture'}","{'Literature', 'Culture'}","{'Literature', 'Culture'}"
ProstateAbscessMarked.png,49201558,https://upload.wikimedia.org/wikipedia/commons/d/d9/ProstateAbscessMarked.png,3ZQX1VYFUSGL9ZNJYBM62QFW7EE8OL,A2G43KS55YGYQE,A2HWC65YAL6MHK,AZHNR434Q0PCF,Approved,Approved,Approved,{'Medicine & Health'},{'Space'},{'Medicine & Health'},"{'STEM', 'Medicine & Health'}","{'Space', 'STEM'}","{'STEM', 'Medicine & Health'}","{'STEM', 'Medicine & Health'}"
Water Flosser.jpg,14814235,https://upload.wikimedia.org/wikipedia/commons/e/e4/Water_Flosser.jpg,3ZQX1VYFUSGL9ZNJYBM62QFW7EE8OL,A2G43KS55YGYQE,A2HWC65YAL6MHK,AZHNR434Q0PCF,Approved,Approved,Approved,{'Medicine & Health'},"{'Food', 'Technology & Engineering'}",{'Technology & Engineering'},"{'STEM', 'Medicine & Health'}","{'STEM', 'Culture', 'Food', 'Technology & Engineering'}","{'STEM', 'Technology & Engineering'}","{'STEM', 'Technology & Engineering'}"
Mali woman selling herbal medicines.jpg,64301622,https://upload.wikimedia.org/wikipedia/commons/3/3f/Mali_woman_selling_herbal_medicines.jpg,3ZQX1VYFUSGL9ZNJYBM62QFW7EE8OL,A2G43KS55YGYQE,A2HWC65YAL6MHK,AZHNR434Q0PCF,Approved,Approved,Approved,"{'People', 'Places'}","{'People', 'Places'}","{'Art', 'People'}","{'People', 'Society', 'Places'}","{'People', 'Society', 'Places'}","{'Art', 'People', 'Culture', 'Society'}","{'People', 'Society', 'Places'}"
Mercedes Indycar.jpg,1881009,https://upload.wikimedia.org/wikipedia/commons/4/44/Mercedes_Indycar.jpg,3ZQX1VYFUSGL9ZNJYBM62QFW7EE8OL,A2G43KS55YGYQE,A2HWC65YAL6MHK,AZHNR434Q0PCF,Approved,Approved,Approved,"{'Events', 'Sports', 'Technology & Engineering'}",{'Sports'},"{'Transportation', 'Technology & Engineering'}","{'Society', 'Events', 'STEM', 'Technology & Engineering', 'Sports'}","{'Society', 'Sports'}","{'Transportation', 'Society', 'STEM', 'Technology & Engineering'}","{'Society', 'STEM', 'Sports', 'Technology & Engineering'}"
Simon Bening - August.jpg,1189091,https://upload.wikimedia.org/wikipedia/commons/3/37/Simon_Bening_-_August.jpg,3ZQX1VYFUSGL9ZNJYBM62QFW7EE8OL,A2G43KS55YGYQE,A2HWC65YAL6MHK,AZHNR434Q0PCF,Approved,Approved,Approved,"{'Art', 'Landscapes'}","{'Maps & Flags', 'People', 'Plants', 'Food'}","{'Art', 'History'}","{'Art', 'Landscapes', 'Culture', 'Places'}","{'People', 'Culture', 'Society', 'Maps & Flags', 'Plants', 'STEM', 'Food', 'Nature', 'Places'}","{'Art', 'Culture', 'History'}","{'Art', 'Culture', 'Places'}"
Beth Gaines.jpg,26749457,https://upload.wikimedia.org/wikipedia/commons/1/1e/Beth_Gaines.jpg,3ZQX1VYFUSGL9ZNJYBM62QFW7EE8OL,A2G43KS55YGYQE,A2HWC65YAL6MHK,AZHNR434Q0PCF,Approved,Approved,Approved,{'People'},{'People'},{'People'},"{'People', 'Society'}","{'People', 'Society'}","{'People', 'Society'}","{'People', 'Society'}"
Wegrzy polacy XVIIw.jpg,3059206,https://upload.wikimedia.org/wikipedia/commons/8/8a/Wegrzy_polacy_XVIIw.jpg,3ZQX1VYFUSGL9ZNJYBM62QFW7EE8OL,A2G43KS55YGYQE,A2HWC65YAL6MHK,AZHNR434Q0PCF,Approved,Approved,Approved,"{'Art', 'People'}","{'People', 'History'}","{'Art', 'History'}","{'Art', 'People', 'Culture', 'Society'}","{'People', 'Culture', 'Society', 'History'}","{'Art', 'Culture', 'History'}","{'People', 'Culture', 'Society', 'History', 'Art'}"
"Pulmonary tuberculosis, low mag.jpg",80189276,https://upload.wikimedia.org/wikipedia/commons/a/ae/Pulmonary_tuberculosis%2C_low_mag.jpg,3ZQX1VYFUSGL9ZNJYBM62QFW7EE8OL,A2G43KS55YGYQE,A2HWC65YAL6MHK,AZHNR434Q0PCF,Approved,Approved,Approved,{'Places'},{'None'},"{'Chemistry', 'Medicine & Health'}",{'Places'},set(),"{'Chemistry', 'STEM', 'Medicine & Health'}",set()
96th Street Station (31000690483).jpg,54380606,https://upload.wikimedia.org/wikipedia/commons/1/11/96th_Street_Station_%2831000690483%29.jpg,3ZQX1VYFUSGL9ZNJYBM62QFW7EE8OL,A2G43KS55YGYQE,A2HWC65YAL6MHK,AZHNR434Q0PCF,Approved,Approved,Approved,{'Architecture'},{'Places'},{'Transportation'},"{'Architecture', 'Places'}",{'Places'},"{'Transportation', 'Society'}",{'Places'}
Fukuzumi Station.jpg,11204899,https://upload.wikimedia.org/wikipedia/commons/4/41/Fukuzumi_Station.jpg,3ZQX1VYFUSGL9ZNJYBM62QFW7EE8OL,A2G43KS55YGYQE,A2HWC65YAL6MHK,AZHNR434Q0PCF,Approved,Approved,Approved,"{'Architecture', 'Places'}","{'Landscapes', 'Places'}","{'Architecture', 'Places'}","{'Architecture', 'Places'}","{'Landscapes', 'Places'}","{'Architecture', 'Places'}","{'Architecture', 'Places'}"
