title,id,url,HITId,WorkerId0,WorkerId1,WorkerId2,labels0,labels1,labels2,labels_enriched0,labels_enriched1,labels_enriched2,labels_enriched_majority
30a Divisione Fanteria Sabauda.png,56789768,https://upload.wikimedia.org/wikipedia/commons/c/ca/30a_Divisione_Fanteria_Sabauda.png,31J7RYECZLBFBTKQ65BHAU65ZG91LP,A28RL79ONUXTET,A2NXMRPHG86N2T,A3CH1Z6J9R38G9,{'Logos & Symbols'},{'Logos & Symbols'},{'Logos & Symbols'},{'Logos & Symbols'},{'Logos & Symbols'},{'Logos & Symbols'},{'Logos & Symbols'}
"Auction Mart, St Bartholomew's Lane - Shepherd, Metropolitan Improvements (1828), p203.jpg",32133861,https://upload.wikimedia.org/wikipedia/commons/6/6d/Auction_Mart%2C_St_Bartholomew%27s_Lane_-_Shepherd%2C_Metropolitan_Improvements_%281828%29%2C_p203.jpg,31J7RYECZLBFBTKQ65BHAU65ZG91LP,A28RL79ONUXTET,A2NXMRPHG86N2T,A3CH1Z6J9R38G9,"{'Art', 'History', 'Architecture'}","{'History', 'Architecture'}","{'Art', 'History', 'Architecture', 'Monuments & Memorials'}","{'Culture', 'Art', 'History', 'Places', 'Architecture'}","{'History', 'Culture', 'Architecture', 'Places'}","{'Culture', 'Art', 'History', 'Places', 'Monuments & Memorials', 'Architecture'}","{'Culture', 'Art', 'History', 'Places', 'Architecture'}"
Hercules Read.jpg,53149020,https://upload.wikimedia.org/wikipedia/commons/3/37/Hercules_Read.jpg,31J7RYECZLBFBTKQ65BHAU65ZG91LP,A28RL79ONUXTET,A2NXMRPHG86N2T,A3CH1Z6J9R38G9,"{'Art', 'Monuments & Memorials'}","{'History', 'People'}",{'Art'},"{'Art', 'Monuments & Memorials', 'Culture', 'Places'}","{'History', 'Culture', 'Society', 'People'}","{'Art', 'Culture'}","{'Art', 'Culture'}"
"Flat Bastion Road, Gibraltar 2.JPG",21618576,https://upload.wikimedia.org/wikipedia/commons/3/37/Flat_Bastion_Road%2C_Gibraltar_2.JPG,31J7RYECZLBFBTKQ65BHAU65ZG91LP,A28RL79ONUXTET,A2NXMRPHG86N2T,A3CH1Z6J9R38G9,"{'Places', 'Architecture', 'Landscapes'}",{'Architecture'},{'Places'},"{'Architecture', 'Places', 'Landscapes'}","{'Architecture', 'Places'}",{'Places'},"{'Architecture', 'Places'}"
Blason imaginaire Palamede.svg,21038556,https://upload.wikimedia.org/wikipedia/commons/d/d4/Blason_imaginaire_Palamede.svg,31J7RYECZLBFBTKQ65BHAU65ZG91LP,A28RL79ONUXTET,A2NXMRPHG86N2T,A3CH1Z6J9R38G9,{'Logos & Symbols'},{'Logos & Symbols'},{'Logos & Symbols'},{'Logos & Symbols'},{'Logos & Symbols'},{'Logos & Symbols'},{'Logos & Symbols'}
Parmigianino 019.jpg,8572638,https://upload.wikimedia.org/wikipedia/commons/5/53/Parmigianino_019.jpg,31J7RYECZLBFBTKQ65BHAU65ZG91LP,A28RL79ONUXTET,A2NXMRPHG86N2T,A3CH1Z6J9R38G9,"{'Art', 'History', 'People'}","{'History', 'People'}","{'Art', 'History', 'People'}","{'Culture', 'Art', 'Society', 'History', 'People'}","{'History', 'Culture', 'Society', 'People'}","{'Culture', 'Art', 'Society', 'History', 'People'}","{'Culture', 'Art', 'Society', 'History', 'People'}"
"Union Depot in Kansas City, Union Depot, which opened in April 1878 in an area now known as West Bottoms. Following a flood it was replaced by Union Station in 1914.jpg",22614807,https://upload.wikimedia.org/wikipedia/commons/1/10/Union_Depot_in_Kansas_City%2C_Union_Depot%2C_which_opened_in_April_1878_in_an_area_now_known_as_West_Bottoms._Following_a_flood_it_was_replaced_by_Union_Station_in_1914.jpg,31J7RYECZLBFBTKQ65BHAU65ZG91LP,A28RL79ONUXTET,A2NXMRPHG86N2T,A3CH1Z6J9R38G9,"{'History', 'Architecture'}","{'History', 'Architecture'}","{'History', 'Architecture', 'Monuments & Memorials'}","{'History', 'Culture', 'Architecture', 'Places'}","{'History', 'Culture', 'Architecture', 'Places'}","{'Culture', 'History', 'Places', 'Monuments & Memorials', 'Architecture'}","{'History', 'Culture', 'Architecture', 'Places'}"
Camelio Nelson Lundvall.jpg,29894410,https://upload.wikimedia.org/wikipedia/commons/3/37/Camelio_Nelson_Lundvall.jpg,31J7RYECZLBFBTKQ65BHAU65ZG91LP,A28RL79ONUXTET,A2NXMRPHG86N2T,A3CH1Z6J9R38G9,"{'Music', 'People'}",{'People'},"{'Events', 'People'}","{'Music', 'Society', 'Culture', 'People'}","{'Society', 'People'}","{'People', 'Events', 'Society'}","{'People', 'Society'}"
Miss Reeder’s Portrait.jpg,53241081,https://upload.wikimedia.org/wikipedia/commons/5/55/Miss_Reeder%E2%80%99s_Portrait.jpg,31J7RYECZLBFBTKQ65BHAU65ZG91LP,A28RL79ONUXTET,A2NXMRPHG86N2T,A3CH1Z6J9R38G9,"{'Art', 'History', 'People'}","{'History', 'People'}","{'Art', 'People'}","{'Culture', 'Art', 'Society', 'History', 'People'}","{'History', 'Culture', 'Society', 'People'}","{'Art', 'Society', 'Culture', 'People'}","{'Culture', 'Art', 'Society', 'History', 'People'}"
170616 Taiga Matsuo.jpg,60207483,https://upload.wikimedia.org/wikipedia/commons/1/10/170616_Taiga_Matsuo.jpg,31J7RYECZLBFBTKQ65BHAU65ZG91LP,A28RL79ONUXTET,A2NXMRPHG86N2T,A3CH1Z6J9R38G9,"{'Events', 'Sports', 'People'}","{'Sports', 'People'}","{'Sports', 'People'}","{'People', 'Events', 'Sports', 'Society'}","{'Society', 'Sports', 'People'}","{'Society', 'Sports', 'People'}","{'Society', 'Sports', 'People'}"
"Tiny house, Portland.jpg",11211682,https://upload.wikimedia.org/wikipedia/commons/0/0c/Tiny_house%2C_Portland.jpg,34O39PNDK6TRRPXVDM122ISDRKPRBO,A20SL254675EOK,A29GJGXFU9BQQG,A2COPP4Y0UYN0B,"{'Architecture', 'Landscapes'}",{'Architecture'},{'Architecture'},"{'Architecture', 'Places', 'Landscapes'}","{'Architecture', 'Places'}","{'Architecture', 'Places'}","{'Architecture', 'Places'}"
Museo archeologico milano 1.JPG,20737533,https://upload.wikimedia.org/wikipedia/commons/8/8d/Museo_archeologico_milano_1.JPG,34O39PNDK6TRRPXVDM122ISDRKPRBO,A20SL254675EOK,A29GJGXFU9BQQG,A2COPP4Y0UYN0B,"{'Art', 'History', 'Monuments & Memorials', 'Places'}","{'Art', 'Monuments & Memorials'}",{'Art'},"{'Culture', 'Art', 'History', 'Places', 'Monuments & Memorials'}","{'Art', 'Monuments & Memorials', 'Culture', 'Places'}","{'Art', 'Culture'}","{'Art', 'Monuments & Memorials', 'Culture', 'Places'}"
GD-FR-Paris-Mosquée016.JPG,519213,https://upload.wikimedia.org/wikipedia/commons/b/b6/GD-FR-Paris-Mosqu%C3%A9e016.JPG,34O39PNDK6TRRPXVDM122ISDRKPRBO,A20SL254675EOK,A29GJGXFU9BQQG,A2COPP4Y0UYN0B,"{'History', 'Architecture', 'Places', 'Monuments & Memorials'}",{'Architecture'},"{'Art', 'Monuments & Memorials', 'Architecture'}","{'Culture', 'History', 'Places', 'Monuments & Memorials', 'Architecture'}","{'Architecture', 'Places'}","{'Culture', 'Art', 'Places', 'Monuments & Memorials', 'Architecture'}","{'Monuments & Memorials', 'Culture', 'Architecture', 'Places'}"
Afyon Ulu Camii 1843.jpg,77106120,https://upload.wikimedia.org/wikipedia/commons/e/e1/Afyon_Ulu_Camii_1843.jpg,34O39PNDK6TRRPXVDM122ISDRKPRBO,A20SL254675EOK,A29GJGXFU9BQQG,A2COPP4Y0UYN0B,{'Architecture'},{'Architecture'},"{'Art', 'Monuments & Memorials', 'Architecture'}","{'Architecture', 'Places'}","{'Architecture', 'Places'}","{'Culture', 'Art', 'Places', 'Monuments & Memorials', 'Architecture'}","{'Architecture', 'Places'}"
Operationrestorehope-emblem.jpg,7219772,https://upload.wikimedia.org/wikipedia/commons/4/4d/Operationrestorehope-emblem.jpg,34O39PNDK6TRRPXVDM122ISDRKPRBO,A20SL254675EOK,A29GJGXFU9BQQG,A2COPP4Y0UYN0B,{'Logos & Symbols'},{'Logos & Symbols'},"{'Logos & Symbols', 'Animals'}",{'Logos & Symbols'},{'Logos & Symbols'},"{'STEM', 'Animals', 'Logos & Symbols', 'Nature'}",{'Logos & Symbols'}
Paulomiklos.jpg,39394856,https://upload.wikimedia.org/wikipedia/commons/2/25/Paulomiklos.jpg,34O39PNDK6TRRPXVDM122ISDRKPRBO,A20SL254675EOK,A29GJGXFU9BQQG,A2COPP4Y0UYN0B,"{'Music', 'Events', 'Places', 'People'}","{'Art', 'People'}","{'Music', 'Events', 'People'}","{'Culture', 'Society', 'Music', 'Places', 'Events', 'People'}","{'Art', 'Society', 'Culture', 'People'}","{'Culture', 'Society', 'Music', 'Events', 'People'}","{'Culture', 'Society', 'Music', 'Events', 'People'}"
Two-handled Cup MET DP107241.jpg,58672526,https://upload.wikimedia.org/wikipedia/commons/1/1d/Two-handled_Cup_MET_DP107241.jpg,34O39PNDK6TRRPXVDM122ISDRKPRBO,A20SL254675EOK,A29GJGXFU9BQQG,A2COPP4Y0UYN0B,{'None'},{'None'},{'None'},set(),set(),set(),set()
Lama Gonpo Hat.jpg,5441685,https://upload.wikimedia.org/wikipedia/commons/0/08/Lama_Gonpo_Hat.jpg,34O39PNDK6TRRPXVDM122ISDRKPRBO,A20SL254675EOK,A29GJGXFU9BQQG,A2COPP4Y0UYN0B,"{'Belief', 'History', 'People'}",{'People'},"{'Belief', 'Events', 'People'}","{'Culture', 'Society', 'History', 'Belief', 'People'}","{'Society', 'People'}","{'Culture', 'Society', 'Belief', 'Events', 'People'}","{'People', 'Belief', 'Culture', 'Society'}"
NVMap-doton-PequopMtns.png,35014871,https://upload.wikimedia.org/wikipedia/commons/9/95/NVMap-doton-PequopMtns.png,34O39PNDK6TRRPXVDM122ISDRKPRBO,A20SL254675EOK,A29GJGXFU9BQQG,A2COPP4Y0UYN0B,"{'Geology', 'Places'}",{'Maps & Flags'},{'Maps & Flags'},"{'STEM', 'Geology', 'Places'}","{'Maps & Flags', 'Places'}","{'Maps & Flags', 'Places'}","{'Maps & Flags', 'Places'}"
Margarites kophameli 001.jpg,28589508,https://upload.wikimedia.org/wikipedia/commons/9/96/Margarites_kophameli_001.jpg,34O39PNDK6TRRPXVDM122ISDRKPRBO,A20SL254675EOK,A29GJGXFU9BQQG,A2COPP4Y0UYN0B,"{'Geology', 'Fossils'}",{'None'},{'None'},"{'STEM', 'Geology', 'Fossils', 'Nature'}",set(),set(),set()
Potomac Boat Club LCCN2016840734.jpg,67426945,https://upload.wikimedia.org/wikipedia/commons/a/a0/Potomac_Boat_Club_LCCN2016840734.jpg,35O6H0UNLS184LX9471GX56U779J5N,A1I7H6RDJS4EKN,A2R6KLBXVM5ANW,AKQAI78JTXXC9,"{'None', 'Events', 'Architecture'}",{'Places'},"{'History', 'Places'}","{'Society', 'Places', 'Events', 'Architecture'}",{'Places'},"{'History', 'Culture', 'Places'}",{'Places'}
Gray505.png,527416,https://upload.wikimedia.org/wikipedia/commons/3/3c/Gray505.png,35O6H0UNLS184LX9471GX56U779J5N,A1I7H6RDJS4EKN,A2R6KLBXVM5ANW,AKQAI78JTXXC9,"{'Diagrams', 'Medicine & Health'}",{'Medicine & Health'},{'Diagrams'},"{'Diagrams', 'STEM', 'Medicine & Health'}","{'Medicine & Health', 'STEM'}","{'Diagrams', 'STEM'}","{'Diagrams', 'STEM', 'Medicine & Health'}"
The apron area of Diyarbakır Airport.jpg,51174554,https://upload.wikimedia.org/wikipedia/commons/a/ae/The_apron_area_of_Diyarbak%C4%B1r_Airport.jpg,35O6H0UNLS184LX9471GX56U779J5N,A1I7H6RDJS4EKN,A2R6KLBXVM5ANW,AKQAI78JTXXC9,"{'Transportation', 'Places'}",{'Transportation'},"{'Transportation', 'Places'}","{'Transportation', 'Places', 'Society'}","{'Transportation', 'Society'}","{'Transportation', 'Places', 'Society'}","{'Transportation', 'Places', 'Society'}"
Cr3C2structure.jpg,9994853,https://upload.wikimedia.org/wikipedia/commons/9/94/Cr3C2structure.jpg,35O6H0UNLS184LX9471GX56U779J5N,A1I7H6RDJS4EKN,A2R6KLBXVM5ANW,AKQAI78JTXXC9,{'Diagrams'},{'Chemistry'},{'Diagrams'},"{'Diagrams', 'STEM'}","{'STEM', 'Chemistry'}","{'Diagrams', 'STEM'}","{'Diagrams', 'STEM'}"
Aki-Kameyama Station 20170503-2.jpg,58923049,https://upload.wikimedia.org/wikipedia/commons/9/99/Aki-Kameyama_Station_20170503-2.jpg,35O6H0UNLS184LX9471GX56U779J5N,A1I7H6RDJS4EKN,A2R6KLBXVM5ANW,AKQAI78JTXXC9,"{'Technology & Engineering', 'Transportation', 'Places'}",{'Transportation'},{'Transportation'},"{'Technology & Engineering', 'Society', 'STEM', 'Places', 'Transportation'}","{'Transportation', 'Society'}","{'Transportation', 'Society'}","{'Transportation', 'Society'}"
Shah jahan mosque -Thatta 1 (asad aman).jpg,73243143,https://upload.wikimedia.org/wikipedia/commons/e/e7/Shah_jahan_mosque_-Thatta_1_%28asad_aman%29.jpg,35O6H0UNLS184LX9471GX56U779J5N,A1I7H6RDJS4EKN,A2R6KLBXVM5ANW,AKQAI78JTXXC9,"{'Art', 'Belief', 'Monuments & Memorials', 'Architecture'}",{'Architecture'},"{'Belief', 'Architecture'}","{'Culture', 'Art', 'Places', 'Belief', 'Monuments & Memorials', 'Architecture'}","{'Architecture', 'Places'}","{'Belief', 'Culture', 'Architecture', 'Places'}","{'Belief', 'Culture', 'Architecture', 'Places'}"
Lam Tin cityscape.jpg,1686439,https://upload.wikimedia.org/wikipedia/commons/2/20/Lam_Tin_cityscape.jpg,35O6H0UNLS184LX9471GX56U779J5N,A1I7H6RDJS4EKN,A2R6KLBXVM5ANW,AKQAI78JTXXC9,"{'Architecture', 'Places'}",{'Places'},{'Places'},"{'Architecture', 'Places'}",{'Places'},{'Places'},{'Places'}
Arthur MacManus.jpg,6272203,https://upload.wikimedia.org/wikipedia/commons/2/23/Arthur_MacManus.jpg,35O6H0UNLS184LX9471GX56U779J5N,A1I7H6RDJS4EKN,A2R6KLBXVM5ANW,AKQAI78JTXXC9,{'People'},{'People'},"{'History', 'People'}","{'Society', 'People'}","{'Society', 'People'}","{'History', 'Culture', 'Society', 'People'}","{'People', 'Society'}"
Paul Rosenthal (Colorado politician).JPG,57663192,https://upload.wikimedia.org/wikipedia/commons/d/d5/Paul_Rosenthal_%28Colorado_politician%29.JPG,35O6H0UNLS184LX9471GX56U779J5N,A1I7H6RDJS4EKN,A2R6KLBXVM5ANW,AKQAI78JTXXC9,"{'Politics', 'People'}",{'People'},{'People'},"{'Society', 'Politics', 'People'}","{'Society', 'People'}","{'Society', 'People'}","{'People', 'Society'}"
"""I can WIN"" button.JPG",20770640,https://upload.wikimedia.org/wikipedia/commons/1/16/%22I_can_WIN%22_button.JPG,35O6H0UNLS184LX9471GX56U779J5N,A1I7H6RDJS4EKN,A2R6KLBXVM5ANW,AKQAI78JTXXC9,{'Logos & Symbols'},{'Logos & Symbols'},{'Logos & Symbols'},{'Logos & Symbols'},{'Logos & Symbols'},{'Logos & Symbols'},{'Logos & Symbols'}
Monterrubio de la Serena.png,9919760,https://upload.wikimedia.org/wikipedia/commons/0/01/Monterrubio_de_la_Serena.png,388CL5C1RJ8QF4548UE22HMCG55HL4,A3TU0NGBDKSGLI,AB8XECKH1JO8P,AXY0D2AMLKE2A,{'Maps & Flags'},{'Maps & Flags'},"{'Maps & Flags', 'Politics'}","{'Maps & Flags', 'Places'}","{'Maps & Flags', 'Places'}","{'Maps & Flags', 'Politics', 'Places', 'Society'}","{'Maps & Flags', 'Places'}"
Callianassa turnerana.png,11358821,https://upload.wikimedia.org/wikipedia/commons/0/02/Callianassa_turnerana.png,388CL5C1RJ8QF4548UE22HMCG55HL4,A3TU0NGBDKSGLI,AB8XECKH1JO8P,AXY0D2AMLKE2A,"{'Literature', 'Animals', 'Fossils'}",{'Animals'},{'Animals'},"{'Literature', 'Culture', 'Fossils', 'STEM', 'Animals', 'Nature'}","{'STEM', 'Animals', 'Nature'}","{'STEM', 'Animals', 'Nature'}","{'STEM', 'Animals', 'Nature'}"
2013 Liechtenstein general election - Results by constituency.svg,80043251,https://upload.wikimedia.org/wikipedia/commons/0/0b/2013_Liechtenstein_general_election_-_Results_by_constituency.svg,388CL5C1RJ8QF4548UE22HMCG55HL4,A3TU0NGBDKSGLI,AB8XECKH1JO8P,AXY0D2AMLKE2A,"{'Diagrams', 'Maps & Flags'}","{'Logos & Symbols', 'Maps & Flags', 'Politics'}","{'Diagrams', 'Maps & Flags', 'Politics'}","{'Diagrams', 'STEM', 'Maps & Flags', 'Places'}","{'Logos & Symbols', 'Politics', 'Society', 'Places', 'Maps & Flags'}","{'Diagrams', 'Politics', 'Society', 'STEM', 'Places', 'Maps & Flags'}","{'Diagrams', 'Politics', 'Society', 'STEM', 'Places', 'Maps & Flags'}"
Lembit opik.jpg,2346335,https://upload.wikimedia.org/wikipedia/commons/1/14/Lembit_opik.jpg,388CL5C1RJ8QF4548UE22HMCG55HL4,A3TU0NGBDKSGLI,AB8XECKH1JO8P,AXY0D2AMLKE2A,{'People'},{'People'},{'People'},"{'Society', 'People'}","{'Society', 'People'}","{'Society', 'People'}","{'People', 'Society'}"
TER à Mommenheim.JPG,7726324,https://upload.wikimedia.org/wikipedia/commons/1/17/TER_%C3%A0_Mommenheim.JPG,388CL5C1RJ8QF4548UE22HMCG55HL4,A3TU0NGBDKSGLI,AB8XECKH1JO8P,AXY0D2AMLKE2A,"{'Technology & Engineering', 'Transportation'}",{'Transportation'},{'Technology & Engineering'},"{'STEM', 'Technology & Engineering', 'Transportation', 'Society'}","{'Transportation', 'Society'}","{'STEM', 'Technology & Engineering'}","{'STEM', 'Technology & Engineering', 'Transportation', 'Society'}"
Mary Pickford-Hartsook.jpg,5237814,https://upload.wikimedia.org/wikipedia/commons/a/af/Mary_Pickford-Hartsook.jpg,388CL5C1RJ8QF4548UE22HMCG55HL4,A3TU0NGBDKSGLI,AB8XECKH1JO8P,AXY0D2AMLKE2A,"{'Art', 'History', 'Literature', 'People'}","{'History', 'Plants', 'People'}",{'People'},"{'Literature', 'Culture', 'Art', 'Society', 'History', 'People'}","{'Culture', 'Society', 'STEM', 'History', 'Nature', 'Plants', 'People'}","{'Society', 'People'}","{'People', 'History', 'Culture', 'Society'}"
TX27 109.gif,2721630,https://upload.wikimedia.org/wikipedia/commons/2/20/TX27_109.gif,388CL5C1RJ8QF4548UE22HMCG55HL4,A3TU0NGBDKSGLI,AB8XECKH1JO8P,AXY0D2AMLKE2A,"{'Diagrams', 'Maps & Flags'}","{'Maps & Flags', 'Politics'}","{'Diagrams', 'Maps & Flags', 'Politics'}","{'Diagrams', 'STEM', 'Maps & Flags', 'Places'}","{'Maps & Flags', 'Politics', 'Places', 'Society'}","{'Diagrams', 'Politics', 'Society', 'STEM', 'Places', 'Maps & Flags'}","{'Diagrams', 'Politics', 'Society', 'STEM', 'Places', 'Maps & Flags'}"
LA 3 Azad Kashmir Assembly map.png,81766676,https://upload.wikimedia.org/wikipedia/commons/a/a2/LA_3_Azad_Kashmir_Assembly_map.png,388CL5C1RJ8QF4548UE22HMCG55HL4,A3TU0NGBDKSGLI,AB8XECKH1JO8P,AXY0D2AMLKE2A,{'Maps & Flags'},{'Maps & Flags'},"{'Maps & Flags', 'Politics'}","{'Maps & Flags', 'Places'}","{'Maps & Flags', 'Places'}","{'Maps & Flags', 'Politics', 'Places', 'Society'}","{'Maps & Flags', 'Places'}"
HyundaiPony1400GLS.jpg,5944459,https://upload.wikimedia.org/wikipedia/commons/d/da/HyundaiPony1400GLS.jpg,388CL5C1RJ8QF4548UE22HMCG55HL4,A3TU0NGBDKSGLI,AB8XECKH1JO8P,AXY0D2AMLKE2A,"{'Technology & Engineering', 'Transportation'}","{'Technology & Engineering', 'Transportation'}",{'Technology & Engineering'},"{'STEM', 'Technology & Engineering', 'Transportation', 'Society'}","{'STEM', 'Technology & Engineering', 'Transportation', 'Society'}","{'STEM', 'Technology & Engineering'}","{'STEM', 'Technology & Engineering', 'Transportation', 'Society'}"
Starr 080716-9532 Cycas circinalis.jpg,6150843,https://upload.wikimedia.org/wikipedia/commons/2/2d/Starr_080716-9532_Cycas_circinalis.jpg,388CL5C1RJ8QF4548UE22HMCG55HL4,A3TU0NGBDKSGLI,AB8XECKH1JO8P,AXY0D2AMLKE2A,{'Plants'},{'Plants'},{'Plants'},"{'STEM', 'Plants', 'Nature'}","{'STEM', 'Plants', 'Nature'}","{'STEM', 'Plants', 'Nature'}","{'STEM', 'Plants', 'Nature'}"
BISHOP staffieri emeritus la spezia 2014.jpg,36414513,https://upload.wikimedia.org/wikipedia/commons/c/c8/BISHOP_staffieri_emeritus_la_spezia_2014.jpg,3909MD9T2Z2SV246WI3YM1KFRTREFG,A1AMGHYG5PT0L2,A1P3R8TYQAKHR8,A2PIFMM4Q2I9ZS,"{'Belief', 'People'}",{'People'},"{'Belief', 'People'}","{'Belief', 'Society', 'Culture', 'People'}","{'Society', 'People'}","{'Belief', 'Society', 'Culture', 'People'}","{'People', 'Belief', 'Culture', 'Society'}"
Ardeuil-et-Montfauxelles-FR-08-monument aux morts-03.JPG,27800272,https://upload.wikimedia.org/wikipedia/commons/c/c2/Ardeuil-et-Montfauxelles-FR-08-monument_aux_morts-03.JPG,3909MD9T2Z2SV246WI3YM1KFRTREFG,A1AMGHYG5PT0L2,A1P3R8TYQAKHR8,A2PIFMM4Q2I9ZS,"{'Belief', 'History', 'Monuments & Memorials'}",{'Monuments & Memorials'},"{'Monuments & Memorials', 'Architecture'}","{'Culture', 'History', 'Places', 'Belief', 'Monuments & Memorials'}","{'Monuments & Memorials', 'Places'}","{'Monuments & Memorials', 'Architecture', 'Places'}","{'Monuments & Memorials', 'Places'}"
Didcot NorthbourneCentre ESE.jpg,70687032,https://upload.wikimedia.org/wikipedia/commons/8/8f/Didcot_NorthbourneCentre_ESE.jpg,3909MD9T2Z2SV246WI3YM1KFRTREFG,A1AMGHYG5PT0L2,A1P3R8TYQAKHR8,A2PIFMM4Q2I9ZS,"{'Architecture', 'Places'}",{'Places'},"{'Architecture', 'Places'}","{'Architecture', 'Places'}",{'Places'},"{'Architecture', 'Places'}","{'Architecture', 'Places'}"
Heasandford House - geograph.org.uk - 639117.jpg,13175511,https://upload.wikimedia.org/wikipedia/commons/b/b9/Heasandford_House_-_geograph.org.uk_-_639117.jpg,3909MD9T2Z2SV246WI3YM1KFRTREFG,A1AMGHYG5PT0L2,A1P3R8TYQAKHR8,A2PIFMM4Q2I9ZS,"{'Places', 'Landscapes'}",{'Places'},{'Plants'},"{'Places', 'Landscapes'}",{'Places'},"{'STEM', 'Plants', 'Nature'}",{'Places'}
Bmw Concept X1.jpg,6886812,https://upload.wikimedia.org/wikipedia/commons/0/01/Bmw_Concept_X1.jpg,3909MD9T2Z2SV246WI3YM1KFRTREFG,A1AMGHYG5PT0L2,A1P3R8TYQAKHR8,A2PIFMM4Q2I9ZS,"{'Technology & Engineering', 'Transportation'}",{'Transportation'},"{'Technology & Engineering', 'Transportation'}","{'STEM', 'Technology & Engineering', 'Transportation', 'Society'}","{'Transportation', 'Society'}","{'STEM', 'Technology & Engineering', 'Transportation', 'Society'}","{'STEM', 'Technology & Engineering', 'Transportation', 'Society'}"
Ruins of Cyrene.jpg,7014487,https://upload.wikimedia.org/wikipedia/commons/d/d1/Ruins_of_Cyrene.jpg,3909MD9T2Z2SV246WI3YM1KFRTREFG,A1AMGHYG5PT0L2,A1P3R8TYQAKHR8,A2PIFMM4Q2I9ZS,"{'Places', 'Architecture', 'Landscapes'}",{'Landscapes'},"{'Geology', 'Architecture', 'Landscapes', 'Places'}","{'Architecture', 'Places', 'Landscapes'}","{'Places', 'Landscapes'}","{'Geology', 'Landscapes', 'STEM', 'Places', 'Architecture'}","{'Architecture', 'Places', 'Landscapes'}"
"Oil paints, one with wax (30791).jpg",54060663,https://upload.wikimedia.org/wikipedia/commons/4/40/Oil_paints%2C_one_with_wax_%2830791%29.jpg,3909MD9T2Z2SV246WI3YM1KFRTREFG,A1AMGHYG5PT0L2,A1P3R8TYQAKHR8,A2PIFMM4Q2I9ZS,{'Food'},{'Food'},{'Food'},"{'Food', 'Culture'}","{'Food', 'Culture'}","{'Food', 'Culture'}","{'Food', 'Culture'}"
John G. Cooper 1913 (cropped).jpg,66712497,https://upload.wikimedia.org/wikipedia/commons/4/40/John_G._Cooper_1913_%28cropped%29.jpg,3909MD9T2Z2SV246WI3YM1KFRTREFG,A1AMGHYG5PT0L2,A1P3R8TYQAKHR8,A2PIFMM4Q2I9ZS,"{'History', 'People'}",{'People'},"{'History', 'People'}","{'History', 'Culture', 'Society', 'People'}","{'Society', 'People'}","{'History', 'Culture', 'Society', 'People'}","{'People', 'History', 'Culture', 'Society'}"
Kilvrough Manor.jpg,37547560,https://upload.wikimedia.org/wikipedia/commons/f/f1/Kilvrough_Manor.jpg,3909MD9T2Z2SV246WI3YM1KFRTREFG,A1AMGHYG5PT0L2,A1P3R8TYQAKHR8,A2PIFMM4Q2I9ZS,"{'History', 'Architecture', 'Places'}",{'Architecture'},"{'Monuments & Memorials', 'Architecture', 'Places'}","{'History', 'Culture', 'Architecture', 'Places'}","{'Architecture', 'Places'}","{'Monuments & Memorials', 'Architecture', 'Places'}","{'Architecture', 'Places'}"
Infante Alfonso Carlos and his wife Maria das Neves of Braganza.jpg,11443064,https://upload.wikimedia.org/wikipedia/commons/5/53/Infante_Alfonso_Carlos_and_his_wife_Maria_das_Neves_of_Braganza.jpg,3909MD9T2Z2SV246WI3YM1KFRTREFG,A1AMGHYG5PT0L2,A1P3R8TYQAKHR8,A2PIFMM4Q2I9ZS,"{'Medicine & Health', 'History', 'Chemistry', 'People'}",{'People'},{'History'},"{'Culture', 'Chemistry', 'Society', 'STEM', 'History', 'Medicine & Health', 'People'}","{'Society', 'People'}","{'History', 'Culture'}","{'People', 'History', 'Culture', 'Society'}"
Glannes-51 Mairie.JPG,27096407,https://upload.wikimedia.org/wikipedia/commons/a/a0/Glannes-51_Mairie.JPG,3DZKABX2ZIQ2U16I0627EZNYUB2CV9,A1400B4SP1PFKC,A2KW26KE43UBRS,A9HQ3E0F2AGVO,"{'Architecture', 'Places'}","{'Architecture', 'Places'}","{'Architecture', 'Places'}","{'Architecture', 'Places'}","{'Architecture', 'Places'}","{'Architecture', 'Places'}","{'Architecture', 'Places'}"
Término municipal de Calvarrasa de Arriba.svg,14867435,https://upload.wikimedia.org/wikipedia/commons/f/f3/T%C3%A9rmino_municipal_de_Calvarrasa_de_Arriba.svg,3DZKABX2ZIQ2U16I0627EZNYUB2CV9,A1400B4SP1PFKC,A2KW26KE43UBRS,A9HQ3E0F2AGVO,{'Maps & Flags'},{'Maps & Flags'},{'Maps & Flags'},"{'Maps & Flags', 'Places'}","{'Maps & Flags', 'Places'}","{'Maps & Flags', 'Places'}","{'Maps & Flags', 'Places'}"
Tyler Honeycutt UCLA cropped.jpg,18167440,https://upload.wikimedia.org/wikipedia/commons/2/23/Tyler_Honeycutt_UCLA_cropped.jpg,3DZKABX2ZIQ2U16I0627EZNYUB2CV9,A1400B4SP1PFKC,A2KW26KE43UBRS,A9HQ3E0F2AGVO,"{'Sports', 'People'}","{'Events', 'Sports', 'People'}",{'Sports'},"{'Society', 'Sports', 'People'}","{'People', 'Events', 'Sports', 'Society'}","{'Sports', 'Society'}","{'People', 'Sports', 'Society'}"
Victoria and Kensington Palace.jpg,2550662,https://upload.wikimedia.org/wikipedia/commons/7/72/Victoria_and_Kensington_Palace.jpg,3DZKABX2ZIQ2U16I0627EZNYUB2CV9,A1400B4SP1PFKC,A2KW26KE43UBRS,A9HQ3E0F2AGVO,"{'Architecture', 'Places'}","{'History', 'Monuments & Memorials'}","{'Monuments & Memorials', 'Architecture'}","{'Architecture', 'Places'}","{'History', 'Culture', 'Monuments & Memorials', 'Places'}","{'Monuments & Memorials', 'Architecture', 'Places'}","{'Monuments & Memorials', 'Architecture', 'Places'}"
Piabucina Erythrinoides.jpg,20365596,https://upload.wikimedia.org/wikipedia/commons/8/8f/Piabucina_Erythrinoides.jpg,3DZKABX2ZIQ2U16I0627EZNYUB2CV9,A1400B4SP1PFKC,A2KW26KE43UBRS,A9HQ3E0F2AGVO,"{'Animals', 'Plants'}",{'Animals'},{'Animals'},"{'STEM', 'Animals', 'Plants', 'Nature'}","{'STEM', 'Animals', 'Nature'}","{'STEM', 'Animals', 'Nature'}","{'STEM', 'Animals', 'Nature'}"
"Oswestry, St Oswald's.jpg",27047134,https://upload.wikimedia.org/wikipedia/commons/2/27/Oswestry%2C_St_Oswald%27s.jpg,3DZKABX2ZIQ2U16I0627EZNYUB2CV9,A1400B4SP1PFKC,A2KW26KE43UBRS,A9HQ3E0F2AGVO,"{'History', 'Architecture', 'Monuments & Memorials'}","{'History', 'Architecture'}","{'Architecture', 'Places'}","{'Culture', 'History', 'Places', 'Monuments & Memorials', 'Architecture'}","{'History', 'Culture', 'Architecture', 'Places'}","{'Architecture', 'Places'}","{'History', 'Culture', 'Architecture', 'Places'}"
Xu Chu and Ma Chao.JPG,11729855,https://upload.wikimedia.org/wikipedia/commons/c/c9/Xu_Chu_and_Ma_Chao.JPG,3DZKABX2ZIQ2U16I0627EZNYUB2CV9,A1400B4SP1PFKC,A2KW26KE43UBRS,A9HQ3E0F2AGVO,"{'Art', 'Logos & Symbols', 'History', 'Diagrams'}",{'Art'},{'Art'},"{'Diagrams', 'Logos & Symbols', 'Culture', 'Art', 'STEM', 'History'}","{'Art', 'Culture'}","{'Art', 'Culture'}","{'Art', 'Culture'}"
Levante2-0Lega2018.jpg,74975640,https://upload.wikimedia.org/wikipedia/commons/2/24/Levante2-0Lega2018.jpg,3DZKABX2ZIQ2U16I0627EZNYUB2CV9,A1400B4SP1PFKC,A2KW26KE43UBRS,A9HQ3E0F2AGVO,"{'Events', 'Sports', 'Places'}","{'Events', 'Sports', 'Places', 'People'}","{'Sports', 'Places'}","{'Events', 'Sports', 'Places', 'Society'}","{'Sports', 'Society', 'Places', 'Events', 'People'}","{'Sports', 'Places', 'Society'}","{'Events', 'Sports', 'Places', 'Society'}"
AzovSeaCities.png,10672643,https://upload.wikimedia.org/wikipedia/commons/8/87/AzovSeaCities.png,3DZKABX2ZIQ2U16I0627EZNYUB2CV9,A1400B4SP1PFKC,A2KW26KE43UBRS,A9HQ3E0F2AGVO,{'Maps & Flags'},{'Maps & Flags'},{'Maps & Flags'},"{'Maps & Flags', 'Places'}","{'Maps & Flags', 'Places'}","{'Maps & Flags', 'Places'}","{'Maps & Flags', 'Places'}"
Беклемишев - Беглый раб (1891).png,76721841,https://upload.wikimedia.org/wikipedia/commons/c/c6/%D0%91%D0%B5%D0%BA%D0%BB%D0%B5%D0%BC%D0%B8%D1%88%D0%B5%D0%B2_-_%D0%91%D0%B5%D0%B3%D0%BB%D1%8B%D0%B9_%D1%80%D0%B0%D0%B1_%281891%29.png,3DZKABX2ZIQ2U16I0627EZNYUB2CV9,A1400B4SP1PFKC,A2KW26KE43UBRS,A9HQ3E0F2AGVO,"{'Art', 'History'}",{'None'},{'Art'},"{'Art', 'History', 'Culture'}",set(),"{'Art', 'Culture'}","{'Art', 'Culture'}"
Sharaku (1794) Ebisu.jpg,55167239,https://upload.wikimedia.org/wikipedia/commons/3/39/Sharaku_%281794%29_Ebisu.jpg,3KTCJ4SCVGMZHB2B6HCWA7LUZLZ1MR,A16NB8MZKTAJYO,A21XTK9Y0QZ8AB,A29GJGXFU9BQQG,"{'Politics', 'Chemistry'}",{'Art'},"{'Art', 'History'}","{'STEM', 'Politics', 'Chemistry', 'Society'}","{'Art', 'Culture'}","{'Art', 'History', 'Culture'}","{'Art', 'Culture'}"
Huo Siyan (Berlinale 2012).jpg,18556976,https://upload.wikimedia.org/wikipedia/commons/d/da/Huo_Siyan_%28Berlinale_2012%29.jpg,3KTCJ4SCVGMZHB2B6HCWA7LUZLZ1MR,A16NB8MZKTAJYO,A21XTK9Y0QZ8AB,A29GJGXFU9BQQG,"{'Events', 'Literature', 'Geology'}",{'People'},{'People'},"{'Geology', 'Literature', 'Culture', 'Society', 'STEM', 'Events'}","{'Society', 'People'}","{'Society', 'People'}","{'People', 'Society'}"
Lily Pads and Lotus Flowers.jpg,40867029,https://upload.wikimedia.org/wikipedia/commons/5/5d/Lily_Pads_and_Lotus_Flowers.jpg,3KTCJ4SCVGMZHB2B6HCWA7LUZLZ1MR,A16NB8MZKTAJYO,A21XTK9Y0QZ8AB,A29GJGXFU9BQQG,"{'Events', 'Literature', 'Space'}",{'Plants'},"{'Plants', 'Landscapes'}","{'Culture', 'Literature', 'Society', 'STEM', 'Events', 'Space'}","{'STEM', 'Plants', 'Nature'}","{'Landscapes', 'STEM', 'Places', 'Plants', 'Nature'}","{'STEM', 'Plants', 'Nature'}"
Lloyd Bryce.jpg,23968354,https://upload.wikimedia.org/wikipedia/commons/9/97/Lloyd_Bryce.jpg,3KTCJ4SCVGMZHB2B6HCWA7LUZLZ1MR,A16NB8MZKTAJYO,A21XTK9Y0QZ8AB,A29GJGXFU9BQQG,"{'Music', 'Maps & Flags', 'Events', 'Space'}",{'People'},"{'History', 'People'}","{'Culture', 'Society', 'Music', 'STEM', 'Places', 'Maps & Flags', 'Events', 'Space'}","{'Society', 'People'}","{'History', 'Culture', 'Society', 'People'}","{'People', 'Culture', 'Society'}"
CityCenterDC - looking west across Gould lot - 2011-08-20.JPG,16293484,https://upload.wikimedia.org/wikipedia/commons/5/53/CityCenterDC_-_looking_west_across_Gould_lot_-_2011-08-20.JPG,3KTCJ4SCVGMZHB2B6HCWA7LUZLZ1MR,A16NB8MZKTAJYO,A21XTK9Y0QZ8AB,A29GJGXFU9BQQG,"{'Sports', 'Space'}",{'Places'},"{'Transportation', 'Architecture'}","{'STEM', 'Sports', 'Space', 'Society'}",{'Places'},"{'Transportation', 'Architecture', 'Places', 'Society'}","{'Places', 'Society'}"
Kelleybarnesdam1949.jpg,8919251,https://upload.wikimedia.org/wikipedia/commons/f/f7/Kelleybarnesdam1949.jpg,3KTCJ4SCVGMZHB2B6HCWA7LUZLZ1MR,A16NB8MZKTAJYO,A21XTK9Y0QZ8AB,A29GJGXFU9BQQG,"{'Music', 'Geology', 'Politics'}",{'Landscapes'},"{'Diagrams', 'Landscapes'}","{'Geology', 'Culture', 'Politics', 'Society', 'STEM', 'Music'}","{'Places', 'Landscapes'}","{'Diagrams', 'STEM', 'Places', 'Landscapes'}","{'STEM', 'Places', 'Landscapes'}"
William Wallace Grout.jpg,19550450,https://upload.wikimedia.org/wikipedia/commons/6/6c/William_Wallace_Grout.jpg,3KTCJ4SCVGMZHB2B6HCWA7LUZLZ1MR,A16NB8MZKTAJYO,A21XTK9Y0QZ8AB,A29GJGXFU9BQQG,"{'Music', 'Space', 'Politics', 'Chemistry'}",{'People'},set(),"{'Culture', 'Politics', 'Chemistry', 'Society', 'STEM', 'Music', 'Space'}","{'Society', 'People'}",set(),{'Society'}
"Colin Campbell Mitchell, sketch by Stephen Dickson.jpg",62527661,https://upload.wikimedia.org/wikipedia/commons/1/1a/Colin_Campbell_Mitchell%2C_sketch_by_Stephen_Dickson.jpg,3KTCJ4SCVGMZHB2B6HCWA7LUZLZ1MR,A16NB8MZKTAJYO,A21XTK9Y0QZ8AB,A29GJGXFU9BQQG,"{'Logos & Symbols', 'Music', 'Monuments & Memorials', 'Events', 'Space'}",{'People'},"{'Art', 'People'}","{'Logos & Symbols', 'Culture', 'Society', 'Music', 'STEM', 'Places', 'Monuments & Memorials', 'Events', 'Space'}","{'Society', 'People'}","{'Art', 'Society', 'Culture', 'People'}","{'People', 'Culture', 'Society'}"
"Octavio Solis, September 2019.jpg",83759293,https://upload.wikimedia.org/wikipedia/commons/f/fa/Octavio_Solis%2C_September_2019.jpg,3KTCJ4SCVGMZHB2B6HCWA7LUZLZ1MR,A16NB8MZKTAJYO,A21XTK9Y0QZ8AB,A29GJGXFU9BQQG,"{'Politics', 'Chemistry', 'Fossils', 'Landscapes'}",{'People'},{'People'},"{'Politics', 'Chemistry', 'Landscapes', 'Fossils', 'Society', 'STEM', 'Places', 'Nature'}","{'Society', 'People'}","{'Society', 'People'}","{'People', 'Society'}"
Platinum-hexafluoride-3D-vdW.png,89557241,https://upload.wikimedia.org/wikipedia/commons/f/f2/Platinum-hexafluoride-3D-vdW.png,3KTCJ4SCVGMZHB2B6HCWA7LUZLZ1MR,A16NB8MZKTAJYO,A21XTK9Y0QZ8AB,A29GJGXFU9BQQG,"{'Music', 'Geology', 'Animals'}","{'Logos & Symbols', 'Mathematics'}",{'Chemistry'},"{'Geology', 'Culture', 'STEM', 'Music', 'Animals', 'Nature'}","{'STEM', 'Logos & Symbols', 'Mathematics'}","{'STEM', 'Chemistry'}",{'STEM'}
Srbac crkva bogorodicnog pokrova nkd 578.JPG,42802802,https://upload.wikimedia.org/wikipedia/commons/c/c5/Srbac_crkva_bogorodicnog_pokrova_nkd_578.JPG,3RIHDBQ1NEJALMNP86FH2U11GAVHM6,A15VCKELIEEPJN,A3TU0NGBDKSGLI,A9LSEP71DNP4O,"{'Art', 'Landscapes', 'History', 'Places', 'Belief', 'Monuments & Memorials', 'Architecture'}","{'History', 'Architecture', 'Places', 'Monuments & Memorials'}","{'Places', 'Architecture', 'Landscapes', 'People'}","{'Culture', 'Art', 'Landscapes', 'History', 'Places', 'Belief', 'Monuments & Memorials', 'Architecture'}","{'Culture', 'History', 'Places', 'Monuments & Memorials', 'Architecture'}","{'Landscapes', 'Society', 'Places', 'Architecture', 'People'}","{'Culture', 'Landscapes', 'History', 'Places', 'Monuments & Memorials', 'Architecture'}"
Pagoda Avalokitesvara.jpg,73764590,https://upload.wikimedia.org/wikipedia/commons/2/21/Pagoda_Avalokitesvara.jpg,3RIHDBQ1NEJALMNP86FH2U11GAVHM6,A15VCKELIEEPJN,A3TU0NGBDKSGLI,A9LSEP71DNP4O,"{'Art', 'History', 'Places', 'Belief', 'Monuments & Memorials', 'Architecture'}","{'Monuments & Memorials', 'Architecture', 'Places'}","{'Architecture', 'Places'}","{'Culture', 'Art', 'History', 'Places', 'Belief', 'Monuments & Memorials', 'Architecture'}","{'Monuments & Memorials', 'Architecture', 'Places'}","{'Architecture', 'Places'}","{'Monuments & Memorials', 'Architecture', 'Places'}"
Painted Honor Guards.jpg,39182433,https://upload.wikimedia.org/wikipedia/commons/7/79/Painted_Honor_Guards.jpg,3RIHDBQ1NEJALMNP86FH2U11GAVHM6,A15VCKELIEEPJN,A3TU0NGBDKSGLI,A9LSEP71DNP4O,"{'Literature', 'Art', 'History', 'Belief', 'Monuments & Memorials', 'Events', 'People'}","{'Art', 'History', 'Belief', 'Monuments & Memorials', 'Architecture'}","{'Art', 'History'}","{'Culture', 'Literature', 'Art', 'Society', 'History', 'Places', 'Belief', 'Monuments & Memorials', 'Events', 'People'}","{'Culture', 'Art', 'History', 'Places', 'Belief', 'Monuments & Memorials', 'Architecture'}","{'Art', 'History', 'Culture'}","{'Culture', 'Art', 'History', 'Places', 'Belief', 'Monuments & Memorials'}"
OvergrownPath 1150H.jpg,88670357,https://upload.wikimedia.org/wikipedia/commons/b/b1/OvergrownPath_1150H.jpg,3RIHDBQ1NEJALMNP86FH2U11GAVHM6,A15VCKELIEEPJN,A3TU0NGBDKSGLI,A9LSEP71DNP4O,"{'Landscapes', 'History', 'Transportation', 'Animals', 'Plants'}","{'Plants', 'Landscapes'}","{'Plants', 'Landscapes'}","{'Culture', 'Landscapes', 'Society', 'STEM', 'History', 'Places', 'Transportation', 'Animals', 'Plants', 'Nature'}","{'Landscapes', 'STEM', 'Places', 'Plants', 'Nature'}","{'Landscapes', 'STEM', 'Places', 'Plants', 'Nature'}","{'Landscapes', 'STEM', 'Places', 'Plants', 'Nature'}"
Korea-Unjusa 4516-07 Seoktap Bulgam Buddha.JPG,5115997,https://upload.wikimedia.org/wikipedia/commons/4/44/Korea-Unjusa_4516-07_Seoktap_Bulgam_Buddha.JPG,3RIHDBQ1NEJALMNP86FH2U11GAVHM6,A15VCKELIEEPJN,A3TU0NGBDKSGLI,A9LSEP71DNP4O,"{'Logos & Symbols', 'Art', 'Landscapes', 'History', 'Places', 'Belief', 'Monuments & Memorials', 'Architecture'}","{'Geology', 'Art', 'History', 'Monuments & Memorials', 'Architecture'}","{'Art', 'History', 'Places', 'Belief', 'Monuments & Memorials', 'Architecture'}","{'Logos & Symbols', 'Culture', 'Art', 'Landscapes', 'History', 'Places', 'Belief', 'Monuments & Memorials', 'Architecture'}","{'Geology', 'Culture', 'Art', 'STEM', 'History', 'Places', 'Monuments & Memorials', 'Architecture'}","{'Culture', 'Art', 'History', 'Places', 'Belief', 'Monuments & Memorials', 'Architecture'}","{'Culture', 'Art', 'History', 'Places', 'Belief', 'Monuments & Memorials', 'Architecture'}"
"Bundesarchiv Bild 102-13115, Cesare de Orsenigo.jpg",5480874,https://upload.wikimedia.org/wikipedia/commons/d/d2/Bundesarchiv_Bild_102-13115%2C_Cesare_de_Orsenigo.jpg,3RIHDBQ1NEJALMNP86FH2U11GAVHM6,A15VCKELIEEPJN,A3TU0NGBDKSGLI,A9LSEP71DNP4O,"{'Logos & Symbols', 'Literature', 'History', 'Belief', 'Monuments & Memorials', 'People'}","{'Art', 'History', 'Belief', 'Events', 'People'}","{'Belief', 'Events', 'People'}","{'Logos & Symbols', 'Literature', 'Culture', 'Society', 'History', 'Places', 'Belief', 'Monuments & Memorials', 'People'}","{'Culture', 'Art', 'Society', 'History', 'Belief', 'Events', 'People'}","{'Culture', 'Society', 'Belief', 'Events', 'People'}","{'Culture', 'Society', 'History', 'Belief', 'Events', 'People'}"
Morpeth Chantry.jpg,11761562,https://upload.wikimedia.org/wikipedia/commons/8/89/Morpeth_Chantry.jpg,3RIHDBQ1NEJALMNP86FH2U11GAVHM6,A15VCKELIEEPJN,A3TU0NGBDKSGLI,A9LSEP71DNP4O,"{'Art', 'Landscapes', 'History', 'Belief', 'Monuments & Memorials', 'Architecture'}","{'History', 'Places', 'Belief', 'Monuments & Memorials', 'Architecture'}","{'Monuments & Memorials', 'Architecture'}","{'Culture', 'Art', 'Landscapes', 'History', 'Places', 'Belief', 'Monuments & Memorials', 'Architecture'}","{'Culture', 'History', 'Places', 'Belief', 'Monuments & Memorials', 'Architecture'}","{'Monuments & Memorials', 'Architecture', 'Places'}","{'Culture', 'History', 'Places', 'Belief', 'Monuments & Memorials', 'Architecture'}"
Feldspar series.jpg,5776990,https://upload.wikimedia.org/wikipedia/commons/6/6f/Feldspar_series.jpg,3RIHDBQ1NEJALMNP86FH2U11GAVHM6,A15VCKELIEEPJN,A3TU0NGBDKSGLI,A9LSEP71DNP4O,"{'Diagrams', 'Mathematics', 'Technology & Engineering', 'Chemistry'}",{'Diagrams'},"{'Diagrams', 'Mathematics'}","{'Diagrams', 'Technology & Engineering', 'Mathematics', 'Chemistry', 'STEM'}","{'Diagrams', 'STEM'}","{'Diagrams', 'STEM', 'Mathematics'}","{'Diagrams', 'STEM', 'Mathematics'}"
Route haul map of Royapuram Electric Loco shed.png,71314216,https://upload.wikimedia.org/wikipedia/commons/2/21/Route_haul_map_of_Royapuram_Electric_Loco_shed.png,3RIHDBQ1NEJALMNP86FH2U11GAVHM6,A15VCKELIEEPJN,A3TU0NGBDKSGLI,A9LSEP71DNP4O,"{'Maps & Flags', 'Transportation', 'Landscapes', 'Places'}","{'Diagrams', 'Maps & Flags'}","{'Maps & Flags', 'Transportation'}","{'Landscapes', 'Society', 'Places', 'Maps & Flags', 'Transportation'}","{'Diagrams', 'STEM', 'Maps & Flags', 'Places'}","{'Maps & Flags', 'Transportation', 'Places', 'Society'}","{'Maps & Flags', 'Transportation', 'Places', 'Society'}"
Jack Daniel statue.JPG,24987761,https://upload.wikimedia.org/wikipedia/commons/a/a9/Jack_Daniel_statue.JPG,3RIHDBQ1NEJALMNP86FH2U11GAVHM6,A15VCKELIEEPJN,A3TU0NGBDKSGLI,A9LSEP71DNP4O,"{'Literature', 'Art', 'Politics', 'History', 'Places', 'Belief', 'Monuments & Memorials', 'Events', 'Architecture', 'People'}","{'Art', 'History', 'Monuments & Memorials'}","{'History', 'Monuments & Memorials'}","{'Culture', 'Literature', 'Art', 'Politics', 'Society', 'History', 'Places', 'Belief', 'Monuments & Memorials', 'Events', 'Architecture', 'People'}","{'Culture', 'Art', 'History', 'Places', 'Monuments & Memorials'}","{'History', 'Culture', 'Monuments & Memorials', 'Places'}","{'Culture', 'Art', 'History', 'Places', 'Monuments & Memorials'}"
Judge Samuel H. Sedgwick.jpg,83682452,https://upload.wikimedia.org/wikipedia/commons/e/e7/Judge_Samuel_H._Sedgwick.jpg,3X7837UUADJ4NPXN9QBLPBKU32KJ63,A2E0LU8V4EUX5C,A39SK1E6IMQBD5,AQNCH42WD4ITI,{'People'},{'People'},"{'History', 'People'}","{'Society', 'People'}","{'Society', 'People'}","{'History', 'Culture', 'Society', 'People'}","{'People', 'Society'}"
Rocroi.JPG,105916,https://upload.wikimedia.org/wikipedia/commons/d/d2/Rocroi.JPG,3X7837UUADJ4NPXN9QBLPBKU32KJ63,A2E0LU8V4EUX5C,A39SK1E6IMQBD5,AQNCH42WD4ITI,"{'Architecture', 'Landscapes'}",{'Architecture'},"{'Places', 'Landscapes'}","{'Architecture', 'Places', 'Landscapes'}","{'Architecture', 'Places'}","{'Places', 'Landscapes'}","{'Architecture', 'Places', 'Landscapes'}"
POL COA Trzywdar.svg,3911839,https://upload.wikimedia.org/wikipedia/commons/8/88/POL_COA_Trzywdar.svg,3X7837UUADJ4NPXN9QBLPBKU32KJ63,A2E0LU8V4EUX5C,A39SK1E6IMQBD5,AQNCH42WD4ITI,{'Logos & Symbols'},"{'Art', 'Logos & Symbols'}",{'Logos & Symbols'},{'Logos & Symbols'},"{'Art', 'Logos & Symbols', 'Culture'}",{'Logos & Symbols'},{'Logos & Symbols'}
33-Noctuidae-Catocalinae-Tolna sypnoides (Butler)027.jpg,19221065,https://upload.wikimedia.org/wikipedia/commons/c/cd/33-Noctuidae-Catocalinae-Tolna_sypnoides_%28Butler%29027.jpg,3X7837UUADJ4NPXN9QBLPBKU32KJ63,A2E0LU8V4EUX5C,A39SK1E6IMQBD5,AQNCH42WD4ITI,{'Animals'},{'Animals'},{'Animals'},"{'STEM', 'Animals', 'Nature'}","{'STEM', 'Animals', 'Nature'}","{'STEM', 'Animals', 'Nature'}","{'STEM', 'Animals', 'Nature'}"
Donkey orchid gnangarra 01.jpg,1104422,https://upload.wikimedia.org/wikipedia/commons/2/21/Donkey_orchid_gnangarra_01.jpg,3X7837UUADJ4NPXN9QBLPBKU32KJ63,A2E0LU8V4EUX5C,A39SK1E6IMQBD5,AQNCH42WD4ITI,"{'Animals', 'Plants', 'Landscapes'}","{'Plants', 'Landscapes'}",{'Plants'},"{'Landscapes', 'STEM', 'Places', 'Animals', 'Plants', 'Nature'}","{'Landscapes', 'STEM', 'Places', 'Plants', 'Nature'}","{'STEM', 'Plants', 'Nature'}","{'Landscapes', 'STEM', 'Places', 'Plants', 'Nature'}"
Attack Squadron 165 (US Navy) insignia c1989.png,41751965,https://upload.wikimedia.org/wikipedia/commons/8/83/Attack_Squadron_165_%28US_Navy%29_insignia_c1989.png,3X7837UUADJ4NPXN9QBLPBKU32KJ63,A2E0LU8V4EUX5C,A39SK1E6IMQBD5,AQNCH42WD4ITI,{'Logos & Symbols'},"{'Art', 'Logos & Symbols', 'History'}",{'Logos & Symbols'},{'Logos & Symbols'},"{'Art', 'Logos & Symbols', 'History', 'Culture'}",{'Logos & Symbols'},{'Logos & Symbols'}
Starr 031002-0027 Eucalyptus globulus.jpg,6114109,https://upload.wikimedia.org/wikipedia/commons/b/bb/Starr_031002-0027_Eucalyptus_globulus.jpg,3X7837UUADJ4NPXN9QBLPBKU32KJ63,A2E0LU8V4EUX5C,A39SK1E6IMQBD5,AQNCH42WD4ITI,"{'Plants', 'Landscapes'}",{'Landscapes'},"{'Geology', 'Plants'}","{'Landscapes', 'STEM', 'Places', 'Plants', 'Nature'}","{'Places', 'Landscapes'}","{'STEM', 'Geology', 'Plants', 'Nature'}","{'Landscapes', 'STEM', 'Places', 'Plants', 'Nature'}"
Itamar Batista.jpg,4772123,https://upload.wikimedia.org/wikipedia/commons/f/fe/Itamar_Batista.jpg,3X7837UUADJ4NPXN9QBLPBKU32KJ63,A2E0LU8V4EUX5C,A39SK1E6IMQBD5,AQNCH42WD4ITI,"{'Transportation', 'People'}","{'Transportation', 'People'}",{'People'},"{'Society', 'Transportation', 'People'}","{'Society', 'Transportation', 'People'}","{'Society', 'People'}","{'People', 'Transportation', 'Society'}"
Warrain Beach.jpg,6309026,https://upload.wikimedia.org/wikipedia/commons/c/ca/Warrain_Beach.jpg,3X7837UUADJ4NPXN9QBLPBKU32KJ63,A2E0LU8V4EUX5C,A39SK1E6IMQBD5,AQNCH42WD4ITI,"{'Places', 'Plants', 'Landscapes'}",{'Landscapes'},{'Landscapes'},"{'Landscapes', 'STEM', 'Places', 'Plants', 'Nature'}","{'Places', 'Landscapes'}","{'Places', 'Landscapes'}","{'Places', 'Landscapes'}"
"Red-tab Policeman larva on Acridocarpus natalitius, Hawaan, 20-11-2010, 2.jpg",17973876,https://upload.wikimedia.org/wikipedia/commons/f/ff/Red-tab_Policeman_larva_on_Acridocarpus_natalitius%2C_Hawaan%2C_20-11-2010%2C_2.jpg,3X7837UUADJ4NPXN9QBLPBKU32KJ63,A2E0LU8V4EUX5C,A39SK1E6IMQBD5,AQNCH42WD4ITI,"{'Animals', 'Plants'}",{'Animals'},{'Animals'},"{'STEM', 'Animals', 'Plants', 'Nature'}","{'STEM', 'Animals', 'Nature'}","{'STEM', 'Animals', 'Nature'}","{'STEM', 'Animals', 'Nature'}"
Andries Daniels and Frans Francken the Younger - Vase with Tulips - Google Art Project.jpg,21849735,https://upload.wikimedia.org/wikipedia/commons/b/b8/Andries_Daniels_and_Frans_Francken_the_Younger_-_Vase_with_Tulips_-_Google_Art_Project.jpg,3ZZAYRN1I6COQYZWLGBJ8HTUM45OT2,A11LSO6D7BMY99,A6M7YIG6KKHPA,AJPB9XHN9HI8I,{'Plants'},"{'Art', 'Plants'}","{'Diagrams', 'Logos & Symbols', 'Sports', 'Music', 'Monuments & Memorials', 'Plants'}","{'STEM', 'Plants', 'Nature'}","{'Culture', 'Art', 'STEM', 'Plants', 'Nature'}","{'Diagrams', 'Logos & Symbols', 'Culture', 'Sports', 'Society', 'STEM', 'Music', 'Places', 'Monuments & Memorials', 'Plants', 'Nature'}","{'STEM', 'Culture', 'Plants', 'Nature'}"
1983 FBW 91GTS of RATBv ex-Neuchatel.jpg,59988272,https://upload.wikimedia.org/wikipedia/commons/a/ac/1983_FBW_91GTS_of_RATBv_ex-Neuchatel.jpg,3ZZAYRN1I6COQYZWLGBJ8HTUM45OT2,A11LSO6D7BMY99,A6M7YIG6KKHPA,AJPB9XHN9HI8I,"{'Technology & Engineering', 'Transportation', 'Places'}","{'Transportation', 'Places'}","{'Logos & Symbols', 'Art', 'Politics', 'Chemistry', 'Landscapes', 'Animals'}","{'Technology & Engineering', 'Society', 'STEM', 'Places', 'Transportation'}","{'Transportation', 'Places', 'Society'}","{'Logos & Symbols', 'Culture', 'Art', 'Politics', 'Chemistry', 'Landscapes', 'Society', 'STEM', 'Places', 'Animals', 'Nature'}","{'STEM', 'Transportation', 'Places', 'Society'}"
Canford Magna - parish church - geograph.org.uk - 458345.jpg,11691316,https://upload.wikimedia.org/wikipedia/commons/8/8f/Canford_Magna_-_parish_church_-_geograph.org.uk_-_458345.jpg,3ZZAYRN1I6COQYZWLGBJ8HTUM45OT2,A11LSO6D7BMY99,A6M7YIG6KKHPA,AJPB9XHN9HI8I,"{'Monuments & Memorials', 'Architecture', 'Places'}","{'Belief', 'Architecture', 'Places'}","{'Logos & Symbols', 'Mathematics', 'Sports', 'Music', 'Monuments & Memorials', 'Animals'}","{'Monuments & Memorials', 'Architecture', 'Places'}","{'Belief', 'Culture', 'Architecture', 'Places'}","{'Logos & Symbols', 'Culture', 'Mathematics', 'Sports', 'Society', 'STEM', 'Music', 'Places', 'Monuments & Memorials', 'Animals', 'Nature'}","{'Monuments & Memorials', 'Culture', 'Architecture', 'Places'}"
"George Bryson, Jr.png",7082525,https://upload.wikimedia.org/wikipedia/commons/d/d0/George_Bryson%2C_Jr.png,3ZZAYRN1I6COQYZWLGBJ8HTUM45OT2,A11LSO6D7BMY99,A6M7YIG6KKHPA,AJPB9XHN9HI8I,"{'History', 'People'}","{'History', 'People'}",{'Mathematics'},"{'History', 'Culture', 'Society', 'People'}","{'History', 'Culture', 'Society', 'People'}","{'STEM', 'Mathematics'}","{'People', 'History', 'Culture', 'Society'}"
Sr2 3206 Helsinki.jpg,8315603,https://upload.wikimedia.org/wikipedia/commons/d/d4/Sr2_3206_Helsinki.jpg,3ZZAYRN1I6COQYZWLGBJ8HTUM45OT2,A11LSO6D7BMY99,A6M7YIG6KKHPA,AJPB9XHN9HI8I,"{'Logos & Symbols', 'Technology & Engineering', 'Transportation'}","{'Logos & Symbols', 'Technology & Engineering', 'Transportation', 'Places'}","{'Logos & Symbols', 'Literature', 'Politics', 'Chemistry', 'Monuments & Memorials', 'Plants'}","{'Logos & Symbols', 'Technology & Engineering', 'Society', 'STEM', 'Transportation'}","{'Logos & Symbols', 'Technology & Engineering', 'Society', 'STEM', 'Places', 'Transportation'}","{'Logos & Symbols', 'Culture', 'Literature', 'Politics', 'Chemistry', 'Society', 'STEM', 'Places', 'Monuments & Memorials', 'Plants', 'Nature'}","{'Logos & Symbols', 'Technology & Engineering', 'Society', 'STEM', 'Places', 'Transportation'}"
Ricardo Coutinho 2011.jpg,16194357,https://upload.wikimedia.org/wikipedia/commons/6/60/Ricardo_Coutinho_2011.jpg,3ZZAYRN1I6COQYZWLGBJ8HTUM45OT2,A11LSO6D7BMY99,A6M7YIG6KKHPA,AJPB9XHN9HI8I,{'People'},{'People'},"{'Music', 'Monuments & Memorials', 'Sports', 'Chemistry'}","{'Society', 'People'}","{'Society', 'People'}","{'Culture', 'Sports', 'Chemistry', 'Society', 'STEM', 'Music', 'Places', 'Monuments & Memorials'}","{'People', 'Society'}"
Weeks Falls.JPG,1911310,https://upload.wikimedia.org/wikipedia/commons/4/4d/Weeks_Falls.JPG,3ZZAYRN1I6COQYZWLGBJ8HTUM45OT2,A11LSO6D7BMY99,A6M7YIG6KKHPA,AJPB9XHN9HI8I,"{'Plants', 'Landscapes'}","{'Geology', 'Places'}",{'Medicine & Health'},"{'Landscapes', 'STEM', 'Places', 'Plants', 'Nature'}","{'STEM', 'Geology', 'Places'}","{'Medicine & Health', 'STEM'}","{'STEM', 'Places'}"
Mushegh Ishkhan.JPG,45617794,https://upload.wikimedia.org/wikipedia/commons/4/4d/Mushegh_Ishkhan.JPG,3ZZAYRN1I6COQYZWLGBJ8HTUM45OT2,A11LSO6D7BMY99,A6M7YIG6KKHPA,AJPB9XHN9HI8I,{'People'},{'People'},"{'Diagrams', 'Logos & Symbols', 'Art', 'Politics', 'Monuments & Memorials', 'Animals'}","{'Society', 'People'}","{'Society', 'People'}","{'Diagrams', 'Logos & Symbols', 'Culture', 'Art', 'Politics', 'Society', 'STEM', 'Places', 'Monuments & Memorials', 'Animals', 'Nature'}","{'People', 'Society'}"
Castillodelmorro.jpg,1267700,https://upload.wikimedia.org/wikipedia/commons/1/18/Castillodelmorro.jpg,3ZZAYRN1I6COQYZWLGBJ8HTUM45OT2,A11LSO6D7BMY99,A6M7YIG6KKHPA,AJPB9XHN9HI8I,"{'Landscapes', 'History', 'Places', 'Monuments & Memorials', 'Architecture'}","{'Architecture', 'Places'}","{'Logos & Symbols', 'Art', 'Sports', 'Chemistry', 'Monuments & Memorials', 'Animals'}","{'Culture', 'Landscapes', 'History', 'Places', 'Monuments & Memorials', 'Architecture'}","{'Architecture', 'Places'}","{'Logos & Symbols', 'Culture', 'Art', 'Sports', 'Chemistry', 'Society', 'STEM', 'Places', 'Monuments & Memorials', 'Animals', 'Nature'}","{'Monuments & Memorials', 'Culture', 'Architecture', 'Places'}"
Children's University Hospital in Damascus.jpg,49043454,https://upload.wikimedia.org/wikipedia/commons/d/d5/Children%27s_University_Hospital_in_Damascus.jpg,3ZZAYRN1I6COQYZWLGBJ8HTUM45OT2,A11LSO6D7BMY99,A6M7YIG6KKHPA,AJPB9XHN9HI8I,"{'Technology & Engineering', 'Landscapes', 'Places', 'Monuments & Memorials', 'Architecture'}","{'Art', 'Monuments & Memorials', 'Architecture', 'Places'}","{'Art', 'None', 'Sports', 'Chemistry', 'Monuments & Memorials', 'Animals'}","{'Technology & Engineering', 'Landscapes', 'STEM', 'Places', 'Monuments & Memorials', 'Architecture'}","{'Culture', 'Art', 'Places', 'Monuments & Memorials', 'Architecture'}","{'Culture', 'Art', 'Sports', 'Chemistry', 'Society', 'STEM', 'Places', 'Monuments & Memorials', 'Animals', 'Nature'}","{'Culture', 'Art', 'STEM', 'Places', 'Monuments & Memorials', 'Architecture'}"
